2025-08-29 16:56:31 Error: [MissingActionException] Action AppController::img() could not be found.
Exception Attributes: array (
  'controller' => 'AppController',
  'action' => 'img',
)
Request URL: /aplicacioncakephp/PIC_2025/app/img/copylink.png
Stack Trace:
#0 C:\xampp\htdocs\aplicacioncakephp\lib\Cake\Routing\Dispatcher.php(191): Controller->invokeAction(Object(CakeRequest))
#1 C:\xampp\htdocs\aplicacioncakephp\lib\Cake\Routing\Dispatcher.php(165): Dispatcher->_invoke(Object(AppController), Object(CakeRequest))
#2 C:\xampp\htdocs\aplicacioncakephp\PIC_2025\webroot\index.php(109): Dispatcher->dispatch(Object(CakeRequest), Object(CakeResponse))
#3 {main}
2025-08-29 16:56:32 Error: [MissingActionException] Action AppController::img() could not be found.
Exception Attributes: array (
  'controller' => 'AppController',
  'action' => 'img',
)
Request URL: /aplicacioncakephp/PIC_2025/app/img/copylink.png
Stack Trace:
#0 C:\xampp\htdocs\aplicacioncakephp\lib\Cake\Routing\Dispatcher.php(191): Controller->invokeAction(Object(CakeRequest))
#1 C:\xampp\htdocs\aplicacioncakephp\lib\Cake\Routing\Dispatcher.php(165): Dispatcher->_invoke(Object(AppController), Object(CakeRequest))
#2 C:\xampp\htdocs\aplicacioncakephp\PIC_2025\webroot\index.php(109): Dispatcher->dispatch(Object(CakeRequest), Object(CakeResponse))
#3 {main}
2025-08-29 16:56:32 Error: [MissingActionException] Action AppController::img() could not be found.
Exception Attributes: array (
  'controller' => 'AppController',
  'action' => 'img',
)
Request URL: /aplicacioncakephp/PIC_2025/app/img/copylink.png
Stack Trace:
#0 C:\xampp\htdocs\aplicacioncakephp\lib\Cake\Routing\Dispatcher.php(191): Controller->invokeAction(Object(CakeRequest))
#1 C:\xampp\htdocs\aplicacioncakephp\lib\Cake\Routing\Dispatcher.php(165): Dispatcher->_invoke(Object(AppController), Object(CakeRequest))
#2 C:\xampp\htdocs\aplicacioncakephp\PIC_2025\webroot\index.php(109): Dispatcher->dispatch(Object(CakeRequest), Object(CakeResponse))
#3 {main}
2025-08-29 16:56:32 Error: [MissingActionException] Action AppController::img() could not be found.
Exception Attributes: array (
  'controller' => 'AppController',
  'action' => 'img',
)
Request URL: /aplicacioncakephp/PIC_2025/app/img/copylink.png
Stack Trace:
#0 C:\xampp\htdocs\aplicacioncakephp\lib\Cake\Routing\Dispatcher.php(191): Controller->invokeAction(Object(CakeRequest))
#1 C:\xampp\htdocs\aplicacioncakephp\lib\Cake\Routing\Dispatcher.php(165): Dispatcher->_invoke(Object(AppController), Object(CakeRequest))
#2 C:\xampp\htdocs\aplicacioncakephp\PIC_2025\webroot\index.php(109): Dispatcher->dispatch(Object(CakeRequest), Object(CakeResponse))
#3 {main}
2025-08-29 16:56:32 Error: [MissingActionException] Action AppController::img() could not be found.
Exception Attributes: array (
  'controller' => 'AppController',
  'action' => 'img',
)
Request URL: /aplicacioncakephp/PIC_2025/app/img/copylink.png
Stack Trace:
#0 C:\xampp\htdocs\aplicacioncakephp\lib\Cake\Routing\Dispatcher.php(191): Controller->invokeAction(Object(CakeRequest))
#1 C:\xampp\htdocs\aplicacioncakephp\lib\Cake\Routing\Dispatcher.php(165): Dispatcher->_invoke(Object(AppController), Object(CakeRequest))
#2 C:\xampp\htdocs\aplicacioncakephp\PIC_2025\webroot\index.php(109): Dispatcher->dispatch(Object(CakeRequest), Object(CakeResponse))
#3 {main}
2025-08-29 16:57:32 Error: [MissingActionException] Action AppController::img() could not be found.
Exception Attributes: array (
  'controller' => 'AppController',
  'action' => 'img',
)
Request URL: /aplicacioncakephp/PIC_2025/app/img/copylink.png
Stack Trace:
#0 C:\xampp\htdocs\aplicacioncakephp\lib\Cake\Routing\Dispatcher.php(191): Controller->invokeAction(Object(CakeRequest))
#1 C:\xampp\htdocs\aplicacioncakephp\lib\Cake\Routing\Dispatcher.php(165): Dispatcher->_invoke(Object(AppController), Object(CakeRequest))
#2 C:\xampp\htdocs\aplicacioncakephp\PIC_2025\webroot\index.php(109): Dispatcher->dispatch(Object(CakeRequest), Object(CakeResponse))
#3 {main}
2025-08-29 16:57:32 Error: [MissingActionException] Action AppController::img() could not be found.
Exception Attributes: array (
  'controller' => 'AppController',
  'action' => 'img',
)
Request URL: /aplicacioncakephp/PIC_2025/app/img/copylink.png
Stack Trace:
#0 C:\xampp\htdocs\aplicacioncakephp\lib\Cake\Routing\Dispatcher.php(191): Controller->invokeAction(Object(CakeRequest))
#1 C:\xampp\htdocs\aplicacioncakephp\lib\Cake\Routing\Dispatcher.php(165): Dispatcher->_invoke(Object(AppController), Object(CakeRequest))
#2 C:\xampp\htdocs\aplicacioncakephp\PIC_2025\webroot\index.php(109): Dispatcher->dispatch(Object(CakeRequest), Object(CakeResponse))
#3 {main}
2025-08-29 16:57:32 Error: [MissingActionException] Action AppController::img() could not be found.
Exception Attributes: array (
  'controller' => 'AppController',
  'action' => 'img',
)
Request URL: /aplicacioncakephp/PIC_2025/app/img/copylink.png
Stack Trace:
#0 C:\xampp\htdocs\aplicacioncakephp\lib\Cake\Routing\Dispatcher.php(191): Controller->invokeAction(Object(CakeRequest))
#1 C:\xampp\htdocs\aplicacioncakephp\lib\Cake\Routing\Dispatcher.php(165): Dispatcher->_invoke(Object(AppController), Object(CakeRequest))
#2 C:\xampp\htdocs\aplicacioncakephp\PIC_2025\webroot\index.php(109): Dispatcher->dispatch(Object(CakeRequest), Object(CakeResponse))
#3 {main}
2025-08-29 16:57:32 Error: [MissingActionException] Action AppController::img() could not be found.
Exception Attributes: array (
  'controller' => 'AppController',
  'action' => 'img',
)
Request URL: /aplicacioncakephp/PIC_2025/app/img/copylink.png
Stack Trace:
#0 C:\xampp\htdocs\aplicacioncakephp\lib\Cake\Routing\Dispatcher.php(191): Controller->invokeAction(Object(CakeRequest))
#1 C:\xampp\htdocs\aplicacioncakephp\lib\Cake\Routing\Dispatcher.php(165): Dispatcher->_invoke(Object(AppController), Object(CakeRequest))
#2 C:\xampp\htdocs\aplicacioncakephp\PIC_2025\webroot\index.php(109): Dispatcher->dispatch(Object(CakeRequest), Object(CakeResponse))
#3 {main}
2025-08-29 16:57:32 Error: [MissingActionException] Action AppController::img() could not be found.
Exception Attributes: array (
  'controller' => 'AppController',
  'action' => 'img',
)
Request URL: /aplicacioncakephp/PIC_2025/app/img/copylink.png
Stack Trace:
#0 C:\xampp\htdocs\aplicacioncakephp\lib\Cake\Routing\Dispatcher.php(191): Controller->invokeAction(Object(CakeRequest))
#1 C:\xampp\htdocs\aplicacioncakephp\lib\Cake\Routing\Dispatcher.php(165): Dispatcher->_invoke(Object(AppController), Object(CakeRequest))
#2 C:\xampp\htdocs\aplicacioncakephp\PIC_2025\webroot\index.php(109): Dispatcher->dispatch(Object(CakeRequest), Object(CakeResponse))
#3 {main}
2025-08-29 17:00:10 Error: [MissingActionException] Action AppController::img() could not be found.
Exception Attributes: array (
  'controller' => 'AppController',
  'action' => 'img',
)
Request URL: /aplicacioncakephp/PIC_2025/app/img/copylink.png
Stack Trace:
#0 C:\xampp\htdocs\aplicacioncakephp\lib\Cake\Routing\Dispatcher.php(191): Controller->invokeAction(Object(CakeRequest))
#1 C:\xampp\htdocs\aplicacioncakephp\lib\Cake\Routing\Dispatcher.php(165): Dispatcher->_invoke(Object(AppController), Object(CakeRequest))
#2 C:\xampp\htdocs\aplicacioncakephp\PIC_2025\webroot\index.php(109): Dispatcher->dispatch(Object(CakeRequest), Object(CakeResponse))
#3 {main}
2025-08-29 17:00:10 Error: [MissingActionException] Action AppController::img() could not be found.
Exception Attributes: array (
  'controller' => 'AppController',
  'action' => 'img',
)
Request URL: /aplicacioncakephp/PIC_2025/app/img/copylink.png
Stack Trace:
#0 C:\xampp\htdocs\aplicacioncakephp\lib\Cake\Routing\Dispatcher.php(191): Controller->invokeAction(Object(CakeRequest))
#1 C:\xampp\htdocs\aplicacioncakephp\lib\Cake\Routing\Dispatcher.php(165): Dispatcher->_invoke(Object(AppController), Object(CakeRequest))
#2 C:\xampp\htdocs\aplicacioncakephp\PIC_2025\webroot\index.php(109): Dispatcher->dispatch(Object(CakeRequest), Object(CakeResponse))
#3 {main}
2025-08-29 17:00:11 Error: [MissingActionException] Action AppController::img() could not be found.
Exception Attributes: array (
  'controller' => 'AppController',
  'action' => 'img',
)
Request URL: /aplicacioncakephp/PIC_2025/app/img/copylink.png
Stack Trace:
#0 C:\xampp\htdocs\aplicacioncakephp\lib\Cake\Routing\Dispatcher.php(191): Controller->invokeAction(Object(CakeRequest))
#1 C:\xampp\htdocs\aplicacioncakephp\lib\Cake\Routing\Dispatcher.php(165): Dispatcher->_invoke(Object(AppController), Object(CakeRequest))
#2 C:\xampp\htdocs\aplicacioncakephp\PIC_2025\webroot\index.php(109): Dispatcher->dispatch(Object(CakeRequest), Object(CakeResponse))
#3 {main}
2025-08-29 17:00:11 Error: [MissingActionException] Action AppController::img() could not be found.
Exception Attributes: array (
  'controller' => 'AppController',
  'action' => 'img',
)
Request URL: /aplicacioncakephp/PIC_2025/app/img/copylink.png
Stack Trace:
#0 C:\xampp\htdocs\aplicacioncakephp\lib\Cake\Routing\Dispatcher.php(191): Controller->invokeAction(Object(CakeRequest))
#1 C:\xampp\htdocs\aplicacioncakephp\lib\Cake\Routing\Dispatcher.php(165): Dispatcher->_invoke(Object(AppController), Object(CakeRequest))
#2 C:\xampp\htdocs\aplicacioncakephp\PIC_2025\webroot\index.php(109): Dispatcher->dispatch(Object(CakeRequest), Object(CakeResponse))
#3 {main}
2025-08-29 17:00:57 Error: [MissingActionException] Action AppController::img() could not be found.
Exception Attributes: array (
  'controller' => 'AppController',
  'action' => 'img',
)
Request URL: /aplicacioncakephp/PIC_2025/app/img/copylink.png
Stack Trace:
#0 C:\xampp\htdocs\aplicacioncakephp\lib\Cake\Routing\Dispatcher.php(191): Controller->invokeAction(Object(CakeRequest))
#1 C:\xampp\htdocs\aplicacioncakephp\lib\Cake\Routing\Dispatcher.php(165): Dispatcher->_invoke(Object(AppController), Object(CakeRequest))
#2 C:\xampp\htdocs\aplicacioncakephp\PIC_2025\webroot\index.php(109): Dispatcher->dispatch(Object(CakeRequest), Object(CakeResponse))
#3 {main}
2025-08-29 17:00:58 Error: [MissingActionException] Action AppController::img() could not be found.
Exception Attributes: array (
  'controller' => 'AppController',
  'action' => 'img',
)
Request URL: /aplicacioncakephp/PIC_2025/app/img/copylink.png
Stack Trace:
#0 C:\xampp\htdocs\aplicacioncakephp\lib\Cake\Routing\Dispatcher.php(191): Controller->invokeAction(Object(CakeRequest))
#1 C:\xampp\htdocs\aplicacioncakephp\lib\Cake\Routing\Dispatcher.php(165): Dispatcher->_invoke(Object(AppController), Object(CakeRequest))
#2 C:\xampp\htdocs\aplicacioncakephp\PIC_2025\webroot\index.php(109): Dispatcher->dispatch(Object(CakeRequest), Object(CakeResponse))
#3 {main}
2025-08-29 17:00:58 Error: [MissingActionException] Action AppController::img() could not be found.
Exception Attributes: array (
  'controller' => 'AppController',
  'action' => 'img',
)
Request URL: /aplicacioncakephp/PIC_2025/app/img/copylink.png
Stack Trace:
#0 C:\xampp\htdocs\aplicacioncakephp\lib\Cake\Routing\Dispatcher.php(191): Controller->invokeAction(Object(CakeRequest))
#1 C:\xampp\htdocs\aplicacioncakephp\lib\Cake\Routing\Dispatcher.php(165): Dispatcher->_invoke(Object(AppController), Object(CakeRequest))
#2 C:\xampp\htdocs\aplicacioncakephp\PIC_2025\webroot\index.php(109): Dispatcher->dispatch(Object(CakeRequest), Object(CakeResponse))
#3 {main}
2025-08-29 17:00:58 Error: [MissingActionException] Action AppController::img() could not be found.
Exception Attributes: array (
  'controller' => 'AppController',
  'action' => 'img',
)
Request URL: /aplicacioncakephp/PIC_2025/app/img/copylink.png
Stack Trace:
#0 C:\xampp\htdocs\aplicacioncakephp\lib\Cake\Routing\Dispatcher.php(191): Controller->invokeAction(Object(CakeRequest))
#1 C:\xampp\htdocs\aplicacioncakephp\lib\Cake\Routing\Dispatcher.php(165): Dispatcher->_invoke(Object(AppController), Object(CakeRequest))
#2 C:\xampp\htdocs\aplicacioncakephp\PIC_2025\webroot\index.php(109): Dispatcher->dispatch(Object(CakeRequest), Object(CakeResponse))
#3 {main}
2025-08-29 17:00:58 Error: [MissingActionException] Action AppController::img() could not be found.
Exception Attributes: array (
  'controller' => 'AppController',
  'action' => 'img',
)
Request URL: /aplicacioncakephp/PIC_2025/app/img/copylink.png
Stack Trace:
#0 C:\xampp\htdocs\aplicacioncakephp\lib\Cake\Routing\Dispatcher.php(191): Controller->invokeAction(Object(CakeRequest))
#1 C:\xampp\htdocs\aplicacioncakephp\lib\Cake\Routing\Dispatcher.php(165): Dispatcher->_invoke(Object(AppController), Object(CakeRequest))
#2 C:\xampp\htdocs\aplicacioncakephp\PIC_2025\webroot\index.php(109): Dispatcher->dispatch(Object(CakeRequest), Object(CakeResponse))
#3 {main}
2025-08-29 17:01:17 Error: [MissingActionException] Action AppController::img() could not be found.
Exception Attributes: array (
  'controller' => 'AppController',
  'action' => 'img',
)
Request URL: /aplicacioncakephp/PIC_2025/app/img/copylink.png
Stack Trace:
#0 C:\xampp\htdocs\aplicacioncakephp\lib\Cake\Routing\Dispatcher.php(191): Controller->invokeAction(Object(CakeRequest))
#1 C:\xampp\htdocs\aplicacioncakephp\lib\Cake\Routing\Dispatcher.php(165): Dispatcher->_invoke(Object(AppController), Object(CakeRequest))
#2 C:\xampp\htdocs\aplicacioncakephp\PIC_2025\webroot\index.php(109): Dispatcher->dispatch(Object(CakeRequest), Object(CakeResponse))
#3 {main}
2025-08-29 17:01:17 Error: [MissingActionException] Action AppController::img() could not be found.
Exception Attributes: array (
  'controller' => 'AppController',
  'action' => 'img',
)
Request URL: /aplicacioncakephp/PIC_2025/app/img/copylink.png
Stack Trace:
#0 C:\xampp\htdocs\aplicacioncakephp\lib\Cake\Routing\Dispatcher.php(191): Controller->invokeAction(Object(CakeRequest))
#1 C:\xampp\htdocs\aplicacioncakephp\lib\Cake\Routing\Dispatcher.php(165): Dispatcher->_invoke(Object(AppController), Object(CakeRequest))
#2 C:\xampp\htdocs\aplicacioncakephp\PIC_2025\webroot\index.php(109): Dispatcher->dispatch(Object(CakeRequest), Object(CakeResponse))
#3 {main}
2025-08-29 17:01:17 Error: [MissingActionException] Action AppController::img() could not be found.
Exception Attributes: array (
  'controller' => 'AppController',
  'action' => 'img',
)
Request URL: /aplicacioncakephp/PIC_2025/app/img/copylink.png
Stack Trace:
#0 C:\xampp\htdocs\aplicacioncakephp\lib\Cake\Routing\Dispatcher.php(191): Controller->invokeAction(Object(CakeRequest))
#1 C:\xampp\htdocs\aplicacioncakephp\lib\Cake\Routing\Dispatcher.php(165): Dispatcher->_invoke(Object(AppController), Object(CakeRequest))
#2 C:\xampp\htdocs\aplicacioncakephp\PIC_2025\webroot\index.php(109): Dispatcher->dispatch(Object(CakeRequest), Object(CakeResponse))
#3 {main}
2025-08-29 17:01:17 Error: [MissingActionException] Action AppController::img() could not be found.
Exception Attributes: array (
  'controller' => 'AppController',
  'action' => 'img',
)
Request URL: /aplicacioncakephp/PIC_2025/app/img/copylink.png
Stack Trace:
#0 C:\xampp\htdocs\aplicacioncakephp\lib\Cake\Routing\Dispatcher.php(191): Controller->invokeAction(Object(CakeRequest))
#1 C:\xampp\htdocs\aplicacioncakephp\lib\Cake\Routing\Dispatcher.php(165): Dispatcher->_invoke(Object(AppController), Object(CakeRequest))
#2 C:\xampp\htdocs\aplicacioncakephp\PIC_2025\webroot\index.php(109): Dispatcher->dispatch(Object(CakeRequest), Object(CakeResponse))
#3 {main}
2025-08-29 17:01:17 Error: [MissingActionException] Action AppController::img() could not be found.
Exception Attributes: array (
  'controller' => 'AppController',
  'action' => 'img',
)
Request URL: /aplicacioncakephp/PIC_2025/app/img/copylink.png
Stack Trace:
#0 C:\xampp\htdocs\aplicacioncakephp\lib\Cake\Routing\Dispatcher.php(191): Controller->invokeAction(Object(CakeRequest))
#1 C:\xampp\htdocs\aplicacioncakephp\lib\Cake\Routing\Dispatcher.php(165): Dispatcher->_invoke(Object(AppController), Object(CakeRequest))
#2 C:\xampp\htdocs\aplicacioncakephp\PIC_2025\webroot\index.php(109): Dispatcher->dispatch(Object(CakeRequest), Object(CakeResponse))
#3 {main}
2025-08-29 17:01:17 Error: [MissingActionException] Action AppController::img() could not be found.
Exception Attributes: array (
  'controller' => 'AppController',
  'action' => 'img',
)
Request URL: /aplicacioncakephp/PIC_2025/app/img/copylink.png
Stack Trace:
#0 C:\xampp\htdocs\aplicacioncakephp\lib\Cake\Routing\Dispatcher.php(191): Controller->invokeAction(Object(CakeRequest))
#1 C:\xampp\htdocs\aplicacioncakephp\lib\Cake\Routing\Dispatcher.php(165): Dispatcher->_invoke(Object(AppController), Object(CakeRequest))
#2 C:\xampp\htdocs\aplicacioncakephp\PIC_2025\webroot\index.php(109): Dispatcher->dispatch(Object(CakeRequest), Object(CakeResponse))
#3 {main}
2025-08-29 17:04:27 Error: [MissingControllerException] Controller class ProactividadesindexController could not be found.
Exception Attributes: array (
  'class' => 'ProactividadesindexController',
  'plugin' => NULL,
)
Request URL: /aplicacioncakephp/PIC_2025/proactividadesindex
Stack Trace:
#0 C:\xampp\htdocs\aplicacioncakephp\PIC_2025\webroot\index.php(109): Dispatcher->dispatch(Object(CakeRequest), Object(CakeResponse))
#1 {main}
2025-08-29 17:05:16 Error: [MissingActionException] Action AppController::img() could not be found.
Exception Attributes: array (
  'controller' => 'AppController',
  'action' => 'img',
)
Request URL: /aplicacioncakephp/PIC_2025/app/img/copylink.png
Stack Trace:
#0 C:\xampp\htdocs\aplicacioncakephp\lib\Cake\Routing\Dispatcher.php(191): Controller->invokeAction(Object(CakeRequest))
#1 C:\xampp\htdocs\aplicacioncakephp\lib\Cake\Routing\Dispatcher.php(165): Dispatcher->_invoke(Object(AppController), Object(CakeRequest))
#2 C:\xampp\htdocs\aplicacioncakephp\PIC_2025\webroot\index.php(109): Dispatcher->dispatch(Object(CakeRequest), Object(CakeResponse))
#3 {main}
2025-08-29 17:05:17 Error: [MissingActionException] Action AppController::img() could not be found.
Exception Attributes: array (
  'controller' => 'AppController',
  'action' => 'img',
)
Request URL: /aplicacioncakephp/PIC_2025/app/img/copylink.png
Stack Trace:
#0 C:\xampp\htdocs\aplicacioncakephp\lib\Cake\Routing\Dispatcher.php(191): Controller->invokeAction(Object(CakeRequest))
#1 C:\xampp\htdocs\aplicacioncakephp\lib\Cake\Routing\Dispatcher.php(165): Dispatcher->_invoke(Object(AppController), Object(CakeRequest))
#2 C:\xampp\htdocs\aplicacioncakephp\PIC_2025\webroot\index.php(109): Dispatcher->dispatch(Object(CakeRequest), Object(CakeResponse))
#3 {main}
2025-08-29 17:05:17 Error: [MissingActionException] Action AppController::img() could not be found.
Exception Attributes: array (
  'controller' => 'AppController',
  'action' => 'img',
)
Request URL: /aplicacioncakephp/PIC_2025/app/img/copylink.png
Stack Trace:
#0 C:\xampp\htdocs\aplicacioncakephp\lib\Cake\Routing\Dispatcher.php(191): Controller->invokeAction(Object(CakeRequest))
#1 C:\xampp\htdocs\aplicacioncakephp\lib\Cake\Routing\Dispatcher.php(165): Dispatcher->_invoke(Object(AppController), Object(CakeRequest))
#2 C:\xampp\htdocs\aplicacioncakephp\PIC_2025\webroot\index.php(109): Dispatcher->dispatch(Object(CakeRequest), Object(CakeResponse))
#3 {main}
2025-08-29 17:05:17 Error: [MissingActionException] Action AppController::img() could not be found.
Exception Attributes: array (
  'controller' => 'AppController',
  'action' => 'img',
)
Request URL: /aplicacioncakephp/PIC_2025/app/img/copylink.png
Stack Trace:
#0 C:\xampp\htdocs\aplicacioncakephp\lib\Cake\Routing\Dispatcher.php(191): Controller->invokeAction(Object(CakeRequest))
#1 C:\xampp\htdocs\aplicacioncakephp\lib\Cake\Routing\Dispatcher.php(165): Dispatcher->_invoke(Object(AppController), Object(CakeRequest))
#2 C:\xampp\htdocs\aplicacioncakephp\PIC_2025\webroot\index.php(109): Dispatcher->dispatch(Object(CakeRequest), Object(CakeResponse))
#3 {main}
2025-08-29 17:05:17 Error: [MissingActionException] Action AppController::img() could not be found.
Exception Attributes: array (
  'controller' => 'AppController',
  'action' => 'img',
)
Request URL: /aplicacioncakephp/PIC_2025/app/img/copylink.png
Stack Trace:
#0 C:\xampp\htdocs\aplicacioncakephp\lib\Cake\Routing\Dispatcher.php(191): Controller->invokeAction(Object(CakeRequest))
#1 C:\xampp\htdocs\aplicacioncakephp\lib\Cake\Routing\Dispatcher.php(165): Dispatcher->_invoke(Object(AppController), Object(CakeRequest))
#2 C:\xampp\htdocs\aplicacioncakephp\PIC_2025\webroot\index.php(109): Dispatcher->dispatch(Object(CakeRequest), Object(CakeResponse))
#3 {main}
2025-08-29 17:05:26 Error: [MissingActionException] Action AppController::img() could not be found.
Exception Attributes: array (
  'controller' => 'AppController',
  'action' => 'img',
)
Request URL: /aplicacioncakephp/PIC_2025/app/img/copylink.png
Stack Trace:
#0 C:\xampp\htdocs\aplicacioncakephp\lib\Cake\Routing\Dispatcher.php(191): Controller->invokeAction(Object(CakeRequest))
#1 C:\xampp\htdocs\aplicacioncakephp\lib\Cake\Routing\Dispatcher.php(165): Dispatcher->_invoke(Object(AppController), Object(CakeRequest))
#2 C:\xampp\htdocs\aplicacioncakephp\PIC_2025\webroot\index.php(109): Dispatcher->dispatch(Object(CakeRequest), Object(CakeResponse))
#3 {main}
2025-08-29 17:05:26 Error: [MissingActionException] Action AppController::img() could not be found.
Exception Attributes: array (
  'controller' => 'AppController',
  'action' => 'img',
)
Request URL: /aplicacioncakephp/PIC_2025/app/img/copylink.png
Stack Trace:
#0 C:\xampp\htdocs\aplicacioncakephp\lib\Cake\Routing\Dispatcher.php(191): Controller->invokeAction(Object(CakeRequest))
#1 C:\xampp\htdocs\aplicacioncakephp\lib\Cake\Routing\Dispatcher.php(165): Dispatcher->_invoke(Object(AppController), Object(CakeRequest))
#2 C:\xampp\htdocs\aplicacioncakephp\PIC_2025\webroot\index.php(109): Dispatcher->dispatch(Object(CakeRequest), Object(CakeResponse))
#3 {main}
2025-08-29 17:05:26 Error: [MissingActionException] Action AppController::img() could not be found.
Exception Attributes: array (
  'controller' => 'AppController',
  'action' => 'img',
)
Request URL: /aplicacioncakephp/PIC_2025/app/img/copylink.png
Stack Trace:
#0 C:\xampp\htdocs\aplicacioncakephp\lib\Cake\Routing\Dispatcher.php(191): Controller->invokeAction(Object(CakeRequest))
#1 C:\xampp\htdocs\aplicacioncakephp\lib\Cake\Routing\Dispatcher.php(165): Dispatcher->_invoke(Object(AppController), Object(CakeRequest))
#2 C:\xampp\htdocs\aplicacioncakephp\PIC_2025\webroot\index.php(109): Dispatcher->dispatch(Object(CakeRequest), Object(CakeResponse))
#3 {main}
2025-08-29 17:05:26 Error: [MissingActionException] Action AppController::img() could not be found.
Exception Attributes: array (
  'controller' => 'AppController',
  'action' => 'img',
)
Request URL: /aplicacioncakephp/PIC_2025/app/img/copylink.png
Stack Trace:
#0 C:\xampp\htdocs\aplicacioncakephp\lib\Cake\Routing\Dispatcher.php(191): Controller->invokeAction(Object(CakeRequest))
#1 C:\xampp\htdocs\aplicacioncakephp\lib\Cake\Routing\Dispatcher.php(165): Dispatcher->_invoke(Object(AppController), Object(CakeRequest))
#2 C:\xampp\htdocs\aplicacioncakephp\PIC_2025\webroot\index.php(109): Dispatcher->dispatch(Object(CakeRequest), Object(CakeResponse))
#3 {main}
2025-08-29 17:05:26 Error: [MissingActionException] Action AppController::img() could not be found.
Exception Attributes: array (
  'controller' => 'AppController',
  'action' => 'img',
)
Request URL: /aplicacioncakephp/PIC_2025/app/img/copylink.png
Stack Trace:
#0 C:\xampp\htdocs\aplicacioncakephp\lib\Cake\Routing\Dispatcher.php(191): Controller->invokeAction(Object(CakeRequest))
#1 C:\xampp\htdocs\aplicacioncakephp\lib\Cake\Routing\Dispatcher.php(165): Dispatcher->_invoke(Object(AppController), Object(CakeRequest))
#2 C:\xampp\htdocs\aplicacioncakephp\PIC_2025\webroot\index.php(109): Dispatcher->dispatch(Object(CakeRequest), Object(CakeResponse))
#3 {main}
2025-08-29 17:05:26 Error: [MissingActionException] Action AppController::img() could not be found.
Exception Attributes: array (
  'controller' => 'AppController',
  'action' => 'img',
)
Request URL: /aplicacioncakephp/PIC_2025/app/img/copylink.png
Stack Trace:
#0 C:\xampp\htdocs\aplicacioncakephp\lib\Cake\Routing\Dispatcher.php(191): Controller->invokeAction(Object(CakeRequest))
#1 C:\xampp\htdocs\aplicacioncakephp\lib\Cake\Routing\Dispatcher.php(165): Dispatcher->_invoke(Object(AppController), Object(CakeRequest))
#2 C:\xampp\htdocs\aplicacioncakephp\PIC_2025\webroot\index.php(109): Dispatcher->dispatch(Object(CakeRequest), Object(CakeResponse))
#3 {main}
2025-08-29 19:07:53 Error: Fatal Error (1): Out of memory (allocated 386662400) (tried to allocate 373739520 bytes) in [C:\xampp\htdocs\aplicacioncakephp\lib\Cake\Utility\Debugger.php, line 802]
2025-08-29 19:08:08 Error: [MissingActionException] Action AppController::img() could not be found.
Exception Attributes: array (
  'controller' => 'AppController',
  'action' => 'img',
)
Request URL: /aplicacioncakephp/PIC_2025/app/img/copylink.png
Stack Trace:
#0 C:\xampp\htdocs\aplicacioncakephp\lib\Cake\Routing\Dispatcher.php(191): Controller->invokeAction(Object(CakeRequest))
#1 C:\xampp\htdocs\aplicacioncakephp\lib\Cake\Routing\Dispatcher.php(165): Dispatcher->_invoke(Object(AppController), Object(CakeRequest))
#2 C:\xampp\htdocs\aplicacioncakephp\PIC_2025\webroot\index.php(109): Dispatcher->dispatch(Object(CakeRequest), Object(CakeResponse))
#3 {main}
2025-08-29 19:08:08 Error: [MissingActionException] Action AppController::img() could not be found.
Exception Attributes: array (
  'controller' => 'AppController',
  'action' => 'img',
)
Request URL: /aplicacioncakephp/PIC_2025/app/img/copylink.png
Stack Trace:
#0 C:\xampp\htdocs\aplicacioncakephp\lib\Cake\Routing\Dispatcher.php(191): Controller->invokeAction(Object(CakeRequest))
#1 C:\xampp\htdocs\aplicacioncakephp\lib\Cake\Routing\Dispatcher.php(165): Dispatcher->_invoke(Object(AppController), Object(CakeRequest))
#2 C:\xampp\htdocs\aplicacioncakephp\PIC_2025\webroot\index.php(109): Dispatcher->dispatch(Object(CakeRequest), Object(CakeResponse))
#3 {main}
2025-08-29 19:08:08 Error: [MissingActionException] Action AppController::img() could not be found.
Exception Attributes: array (
  'controller' => 'AppController',
  'action' => 'img',
)
Request URL: /aplicacioncakephp/PIC_2025/app/img/copylink.png
Stack Trace:
#0 C:\xampp\htdocs\aplicacioncakephp\lib\Cake\Routing\Dispatcher.php(191): Controller->invokeAction(Object(CakeRequest))
#1 C:\xampp\htdocs\aplicacioncakephp\lib\Cake\Routing\Dispatcher.php(165): Dispatcher->_invoke(Object(AppController), Object(CakeRequest))
#2 C:\xampp\htdocs\aplicacioncakephp\PIC_2025\webroot\index.php(109): Dispatcher->dispatch(Object(CakeRequest), Object(CakeResponse))
#3 {main}
2025-08-29 19:08:08 Error: [MissingActionException] Action AppController::img() could not be found.
Exception Attributes: array (
  'controller' => 'AppController',
  'action' => 'img',
)
Request URL: /aplicacioncakephp/PIC_2025/app/img/copylink.png
Stack Trace:
#0 C:\xampp\htdocs\aplicacioncakephp\lib\Cake\Routing\Dispatcher.php(191): Controller->invokeAction(Object(CakeRequest))
#1 C:\xampp\htdocs\aplicacioncakephp\lib\Cake\Routing\Dispatcher.php(165): Dispatcher->_invoke(Object(AppController), Object(CakeRequest))
#2 C:\xampp\htdocs\aplicacioncakephp\PIC_2025\webroot\index.php(109): Dispatcher->dispatch(Object(CakeRequest), Object(CakeResponse))
#3 {main}
2025-08-29 19:08:08 Error: [MissingActionException] Action AppController::img() could not be found.
Exception Attributes: array (
  'controller' => 'AppController',
  'action' => 'img',
)
Request URL: /aplicacioncakephp/PIC_2025/app/img/copylink.png
Stack Trace:
#0 C:\xampp\htdocs\aplicacioncakephp\lib\Cake\Routing\Dispatcher.php(191): Controller->invokeAction(Object(CakeRequest))
#1 C:\xampp\htdocs\aplicacioncakephp\lib\Cake\Routing\Dispatcher.php(165): Dispatcher->_invoke(Object(AppController), Object(CakeRequest))
#2 C:\xampp\htdocs\aplicacioncakephp\PIC_2025\webroot\index.php(109): Dispatcher->dispatch(Object(CakeRequest), Object(CakeResponse))
#3 {main}
2025-08-29 19:08:16 Error: [MissingActionException] Action AppController::img() could not be found.
Exception Attributes: array (
  'controller' => 'AppController',
  'action' => 'img',
)
Request URL: /aplicacioncakephp/PIC_2025/app/img/copylink.png
Stack Trace:
#0 C:\xampp\htdocs\aplicacioncakephp\lib\Cake\Routing\Dispatcher.php(191): Controller->invokeAction(Object(CakeRequest))
#1 C:\xampp\htdocs\aplicacioncakephp\lib\Cake\Routing\Dispatcher.php(165): Dispatcher->_invoke(Object(AppController), Object(CakeRequest))
#2 C:\xampp\htdocs\aplicacioncakephp\PIC_2025\webroot\index.php(109): Dispatcher->dispatch(Object(CakeRequest), Object(CakeResponse))
#3 {main}
2025-08-29 19:08:17 Error: [MissingActionException] Action AppController::img() could not be found.
Exception Attributes: array (
  'controller' => 'AppController',
  'action' => 'img',
)
Request URL: /aplicacioncakephp/PIC_2025/app/img/copylink.png
Stack Trace:
#0 C:\xampp\htdocs\aplicacioncakephp\lib\Cake\Routing\Dispatcher.php(191): Controller->invokeAction(Object(CakeRequest))
#1 C:\xampp\htdocs\aplicacioncakephp\lib\Cake\Routing\Dispatcher.php(165): Dispatcher->_invoke(Object(AppController), Object(CakeRequest))
#2 C:\xampp\htdocs\aplicacioncakephp\PIC_2025\webroot\index.php(109): Dispatcher->dispatch(Object(CakeRequest), Object(CakeResponse))
#3 {main}
2025-08-29 19:08:17 Error: [MissingActionException] Action AppController::img() could not be found.
Exception Attributes: array (
  'controller' => 'AppController',
  'action' => 'img',
)
Request URL: /aplicacioncakephp/PIC_2025/app/img/copylink.png
Stack Trace:
#0 C:\xampp\htdocs\aplicacioncakephp\lib\Cake\Routing\Dispatcher.php(191): Controller->invokeAction(Object(CakeRequest))
#1 C:\xampp\htdocs\aplicacioncakephp\lib\Cake\Routing\Dispatcher.php(165): Dispatcher->_invoke(Object(AppController), Object(CakeRequest))
#2 C:\xampp\htdocs\aplicacioncakephp\PIC_2025\webroot\index.php(109): Dispatcher->dispatch(Object(CakeRequest), Object(CakeResponse))
#3 {main}
2025-08-29 19:08:17 Error: [MissingActionException] Action AppController::img() could not be found.
Exception Attributes: array (
  'controller' => 'AppController',
  'action' => 'img',
)
Request URL: /aplicacioncakephp/PIC_2025/app/img/copylink.png
Stack Trace:
#0 C:\xampp\htdocs\aplicacioncakephp\lib\Cake\Routing\Dispatcher.php(191): Controller->invokeAction(Object(CakeRequest))
#1 C:\xampp\htdocs\aplicacioncakephp\lib\Cake\Routing\Dispatcher.php(165): Dispatcher->_invoke(Object(AppController), Object(CakeRequest))
#2 C:\xampp\htdocs\aplicacioncakephp\PIC_2025\webroot\index.php(109): Dispatcher->dispatch(Object(CakeRequest), Object(CakeResponse))
#3 {main}
2025-08-29 19:08:17 Error: [MissingActionException] Action AppController::img() could not be found.
Exception Attributes: array (
  'controller' => 'AppController',
  'action' => 'img',
)
Request URL: /aplicacioncakephp/PIC_2025/app/img/copylink.png
Stack Trace:
#0 C:\xampp\htdocs\aplicacioncakephp\lib\Cake\Routing\Dispatcher.php(191): Controller->invokeAction(Object(CakeRequest))
#1 C:\xampp\htdocs\aplicacioncakephp\lib\Cake\Routing\Dispatcher.php(165): Dispatcher->_invoke(Object(AppController), Object(CakeRequest))
#2 C:\xampp\htdocs\aplicacioncakephp\PIC_2025\webroot\index.php(109): Dispatcher->dispatch(Object(CakeRequest), Object(CakeResponse))
#3 {main}
2025-08-29 19:09:26 Error: Fatal Error (1): Out of memory (allocated 384040960) (tried to allocate 371191808 bytes) in [C:\xampp\htdocs\aplicacioncakephp\lib\Cake\Utility\Debugger.php, line 802]
2025-08-29 19:10:12 Error: Fatal Error (1): Out of memory (allocated 384040960) (tried to allocate 371187712 bytes) in [C:\xampp\htdocs\aplicacioncakephp\lib\Cake\Utility\Debugger.php, line 802]
2025-08-29 19:10:58 Error: [MissingActionException] Action AppController::img() could not be found.
Exception Attributes: array (
  'controller' => 'AppController',
  'action' => 'img',
)
Request URL: /aplicacioncakephp/PIC_2025/app/img/copylink.png
Stack Trace:
#0 C:\xampp\htdocs\aplicacioncakephp\lib\Cake\Routing\Dispatcher.php(191): Controller->invokeAction(Object(CakeRequest))
#1 C:\xampp\htdocs\aplicacioncakephp\lib\Cake\Routing\Dispatcher.php(165): Dispatcher->_invoke(Object(AppController), Object(CakeRequest))
#2 C:\xampp\htdocs\aplicacioncakephp\PIC_2025\webroot\index.php(109): Dispatcher->dispatch(Object(CakeRequest), Object(CakeResponse))
#3 {main}
2025-08-29 19:10:58 Error: [MissingActionException] Action AppController::img() could not be found.
Exception Attributes: array (
  'controller' => 'AppController',
  'action' => 'img',
)
Request URL: /aplicacioncakephp/PIC_2025/app/img/copylink.png
Stack Trace:
#0 C:\xampp\htdocs\aplicacioncakephp\lib\Cake\Routing\Dispatcher.php(191): Controller->invokeAction(Object(CakeRequest))
#1 C:\xampp\htdocs\aplicacioncakephp\lib\Cake\Routing\Dispatcher.php(165): Dispatcher->_invoke(Object(AppController), Object(CakeRequest))
#2 C:\xampp\htdocs\aplicacioncakephp\PIC_2025\webroot\index.php(109): Dispatcher->dispatch(Object(CakeRequest), Object(CakeResponse))
#3 {main}
2025-08-29 19:10:58 Error: [MissingActionException] Action AppController::img() could not be found.
Exception Attributes: array (
  'controller' => 'AppController',
  'action' => 'img',
)
Request URL: /aplicacioncakephp/PIC_2025/app/img/copylink.png
Stack Trace:
#0 C:\xampp\htdocs\aplicacioncakephp\lib\Cake\Routing\Dispatcher.php(191): Controller->invokeAction(Object(CakeRequest))
#1 C:\xampp\htdocs\aplicacioncakephp\lib\Cake\Routing\Dispatcher.php(165): Dispatcher->_invoke(Object(AppController), Object(CakeRequest))
#2 C:\xampp\htdocs\aplicacioncakephp\PIC_2025\webroot\index.php(109): Dispatcher->dispatch(Object(CakeRequest), Object(CakeResponse))
#3 {main}
2025-08-29 19:10:58 Error: [MissingActionException] Action AppController::img() could not be found.
Exception Attributes: array (
  'controller' => 'AppController',
  'action' => 'img',
)
Request URL: /aplicacioncakephp/PIC_2025/app/img/copylink.png
Stack Trace:
#0 C:\xampp\htdocs\aplicacioncakephp\lib\Cake\Routing\Dispatcher.php(191): Controller->invokeAction(Object(CakeRequest))
#1 C:\xampp\htdocs\aplicacioncakephp\lib\Cake\Routing\Dispatcher.php(165): Dispatcher->_invoke(Object(AppController), Object(CakeRequest))
#2 C:\xampp\htdocs\aplicacioncakephp\PIC_2025\webroot\index.php(109): Dispatcher->dispatch(Object(CakeRequest), Object(CakeResponse))
#3 {main}
2025-08-29 19:10:58 Error: [MissingActionException] Action AppController::img() could not be found.
Exception Attributes: array (
  'controller' => 'AppController',
  'action' => 'img',
)
Request URL: /aplicacioncakephp/PIC_2025/app/img/copylink.png
Stack Trace:
#0 C:\xampp\htdocs\aplicacioncakephp\lib\Cake\Routing\Dispatcher.php(191): Controller->invokeAction(Object(CakeRequest))
#1 C:\xampp\htdocs\aplicacioncakephp\lib\Cake\Routing\Dispatcher.php(165): Dispatcher->_invoke(Object(AppController), Object(CakeRequest))
#2 C:\xampp\htdocs\aplicacioncakephp\PIC_2025\webroot\index.php(109): Dispatcher->dispatch(Object(CakeRequest), Object(CakeResponse))
#3 {main}
2025-08-29 19:12:02 Error: Fatal Error (1): Out of memory (allocated 385351680) (tried to allocate 371978240 bytes) in [C:\xampp\htdocs\aplicacioncakephp\lib\Cake\Utility\Debugger.php, line 802]
2025-08-29 19:12:48 Error: Fatal Error (1): Out of memory (allocated 386138112) (tried to allocate 373248000 bytes) in [C:\xampp\htdocs\aplicacioncakephp\lib\Cake\Utility\Debugger.php, line 802]
2025-08-29 19:13:07 Error: [MissingActionException] Action AppController::img() could not be found.
Exception Attributes: array (
  'controller' => 'AppController',
  'action' => 'img',
)
Request URL: /aplicacioncakephp/PIC_2025/app/img/copylink.png
Stack Trace:
#0 C:\xampp\htdocs\aplicacioncakephp\lib\Cake\Routing\Dispatcher.php(191): Controller->invokeAction(Object(CakeRequest))
#1 C:\xampp\htdocs\aplicacioncakephp\lib\Cake\Routing\Dispatcher.php(165): Dispatcher->_invoke(Object(AppController), Object(CakeRequest))
#2 C:\xampp\htdocs\aplicacioncakephp\PIC_2025\webroot\index.php(109): Dispatcher->dispatch(Object(CakeRequest), Object(CakeResponse))
#3 {main}
2025-08-29 19:13:07 Error: [MissingActionException] Action AppController::img() could not be found.
Exception Attributes: array (
  'controller' => 'AppController',
  'action' => 'img',
)
Request URL: /aplicacioncakephp/PIC_2025/app/img/copylink.png
Stack Trace:
#0 C:\xampp\htdocs\aplicacioncakephp\lib\Cake\Routing\Dispatcher.php(191): Controller->invokeAction(Object(CakeRequest))
#1 C:\xampp\htdocs\aplicacioncakephp\lib\Cake\Routing\Dispatcher.php(165): Dispatcher->_invoke(Object(AppController), Object(CakeRequest))
#2 C:\xampp\htdocs\aplicacioncakephp\PIC_2025\webroot\index.php(109): Dispatcher->dispatch(Object(CakeRequest), Object(CakeResponse))
#3 {main}
2025-08-29 19:13:07 Error: [MissingActionException] Action AppController::img() could not be found.
Exception Attributes: array (
  'controller' => 'AppController',
  'action' => 'img',
)
Request URL: /aplicacioncakephp/PIC_2025/app/img/copylink.png
Stack Trace:
#0 C:\xampp\htdocs\aplicacioncakephp\lib\Cake\Routing\Dispatcher.php(191): Controller->invokeAction(Object(CakeRequest))
#1 C:\xampp\htdocs\aplicacioncakephp\lib\Cake\Routing\Dispatcher.php(165): Dispatcher->_invoke(Object(AppController), Object(CakeRequest))
#2 C:\xampp\htdocs\aplicacioncakephp\PIC_2025\webroot\index.php(109): Dispatcher->dispatch(Object(CakeRequest), Object(CakeResponse))
#3 {main}
2025-08-29 19:13:07 Error: [MissingActionException] Action AppController::img() could not be found.
Exception Attributes: array (
  'controller' => 'AppController',
  'action' => 'img',
)
Request URL: /aplicacioncakephp/PIC_2025/app/img/copylink.png
Stack Trace:
#0 C:\xampp\htdocs\aplicacioncakephp\lib\Cake\Routing\Dispatcher.php(191): Controller->invokeAction(Object(CakeRequest))
#1 C:\xampp\htdocs\aplicacioncakephp\lib\Cake\Routing\Dispatcher.php(165): Dispatcher->_invoke(Object(AppController), Object(CakeRequest))
#2 C:\xampp\htdocs\aplicacioncakephp\PIC_2025\webroot\index.php(109): Dispatcher->dispatch(Object(CakeRequest), Object(CakeResponse))
#3 {main}
2025-08-29 19:13:07 Error: [MissingActionException] Action AppController::img() could not be found.
Exception Attributes: array (
  'controller' => 'AppController',
  'action' => 'img',
)
Request URL: /aplicacioncakephp/PIC_2025/app/img/copylink.png
Stack Trace:
#0 C:\xampp\htdocs\aplicacioncakephp\lib\Cake\Routing\Dispatcher.php(191): Controller->invokeAction(Object(CakeRequest))
#1 C:\xampp\htdocs\aplicacioncakephp\lib\Cake\Routing\Dispatcher.php(165): Dispatcher->_invoke(Object(AppController), Object(CakeRequest))
#2 C:\xampp\htdocs\aplicacioncakephp\PIC_2025\webroot\index.php(109): Dispatcher->dispatch(Object(CakeRequest), Object(CakeResponse))
#3 {main}
2025-08-29 19:13:14 Error: [MissingTableException] Table acta_view_tests for model ActaViewTest was not found in datasource default.
Exception Attributes: array (
  'table' => 'acta_view_tests',
  'class' => 'ActaViewTest',
  'ds' => 'default',
)
Request URL: /aplicacioncakephp/PIC_2025/procesoregistros
Stack Trace:
#0 C:\xampp\htdocs\aplicacioncakephp\lib\Cake\Model\Model.php(3501): Model->setSource('acta_view_tests')
#1 C:\xampp\htdocs\aplicacioncakephp\lib\Cake\Model\Model.php(1357): Model->getDataSource()
#2 C:\xampp\htdocs\aplicacioncakephp\lib\Cake\Model\Datasource\DboSource.php(2494): Model->schema()
#3 C:\xampp\htdocs\aplicacioncakephp\lib\Cake\Model\Datasource\DboSource.php(1735): DboSource->fields(Object(ActaViewTest), 'ActaViewTest', '')
#4 C:\xampp\htdocs\aplicacioncakephp\lib\Cake\Model\Datasource\DboSource.php(1238): DboSource->generateAssociationQuery(Object(Ubicacion), Object(ActaViewTest), 'hasMany', 'ActaViewTest', Array, Array, true)
#5 C:\xampp\htdocs\aplicacioncakephp\lib\Cake\Model\Datasource\DboSource.php(1353): DboSource->queryAssociation(Object(Ubicacion), Object(ActaViewTest), 'hasMany', 'ActaViewTest', Array, Array, true, Array, 0, Array)
#6 C:\xampp\htdocs\aplicacioncakephp\lib\Cake\Model\Datasource\DboSource.php(1142): DboSource->queryAssociation(Object(Procesoregistro), Object(Ubicacion), 'belongsTo', 'Ubicacion', Array, Array, true, Array, 1, Array)
#7 C:\xampp\htdocs\aplicacioncakephp\lib\Cake\Model\Model.php(2905): DboSource->read(Object(Procesoregistro), Array)
#8 C:\xampp\htdocs\aplicacioncakephp\lib\Cake\Model\Model.php(2877): Model->_readDataSource('all', Array)
#9 C:\xampp\htdocs\aplicacioncakephp\PIC_2025\Controller\ProcesoregistrosController.php(35): Model->find('all', Array)
#10 [internal function]: ProcesoregistrosController->index()
#11 C:\xampp\htdocs\aplicacioncakephp\lib\Cake\Controller\Controller.php(490): ReflectionMethod->invokeArgs(Object(ProcesoregistrosController), Array)
#12 C:\xampp\htdocs\aplicacioncakephp\lib\Cake\Routing\Dispatcher.php(191): Controller->invokeAction(Object(CakeRequest))
#13 C:\xampp\htdocs\aplicacioncakephp\lib\Cake\Routing\Dispatcher.php(165): Dispatcher->_invoke(Object(ProcesoregistrosController), Object(CakeRequest))
#14 C:\xampp\htdocs\aplicacioncakephp\PIC_2025\webroot\index.php(109): Dispatcher->dispatch(Object(CakeRequest), Object(CakeResponse))
#15 {main}
2025-08-29 19:14:01 Error: [MissingTableException] Table acta_view_tests for model ActaViewTest was not found in datasource default.
Exception Attributes: array (
  'table' => 'acta_view_tests',
  'class' => 'ActaViewTest',
  'ds' => 'default',
)
Request URL: /aplicacioncakephp/PIC_2025/procesoregistros/index
Stack Trace:
#0 C:\xampp\htdocs\aplicacioncakephp\lib\Cake\Model\Model.php(3501): Model->setSource('acta_view_tests')
#1 C:\xampp\htdocs\aplicacioncakephp\lib\Cake\Model\Model.php(1357): Model->getDataSource()
#2 C:\xampp\htdocs\aplicacioncakephp\lib\Cake\Model\Datasource\DboSource.php(2494): Model->schema()
#3 C:\xampp\htdocs\aplicacioncakephp\lib\Cake\Model\Datasource\DboSource.php(1735): DboSource->fields(Object(ActaViewTest), 'ActaViewTest', '')
#4 C:\xampp\htdocs\aplicacioncakephp\lib\Cake\Model\Datasource\DboSource.php(1238): DboSource->generateAssociationQuery(Object(Ubicacion), Object(ActaViewTest), 'hasMany', 'ActaViewTest', Array, Array, true)
#5 C:\xampp\htdocs\aplicacioncakephp\lib\Cake\Model\Datasource\DboSource.php(1353): DboSource->queryAssociation(Object(Ubicacion), Object(ActaViewTest), 'hasMany', 'ActaViewTest', Array, Array, true, Array, 0, Array)
#6 C:\xampp\htdocs\aplicacioncakephp\lib\Cake\Model\Datasource\DboSource.php(1142): DboSource->queryAssociation(Object(Procesoregistro), Object(Ubicacion), 'belongsTo', 'Ubicacion', Array, Array, true, Array, 1, Array)
#7 C:\xampp\htdocs\aplicacioncakephp\lib\Cake\Model\Model.php(2905): DboSource->read(Object(Procesoregistro), Array)
#8 C:\xampp\htdocs\aplicacioncakephp\lib\Cake\Model\Model.php(2877): Model->_readDataSource('all', Array)
#9 C:\xampp\htdocs\aplicacioncakephp\PIC_2025\Controller\ProcesoregistrosController.php(35): Model->find('all', Array)
#10 [internal function]: ProcesoregistrosController->index()
#11 C:\xampp\htdocs\aplicacioncakephp\lib\Cake\Controller\Controller.php(490): ReflectionMethod->invokeArgs(Object(ProcesoregistrosController), Array)
#12 C:\xampp\htdocs\aplicacioncakephp\lib\Cake\Routing\Dispatcher.php(191): Controller->invokeAction(Object(CakeRequest))
#13 C:\xampp\htdocs\aplicacioncakephp\lib\Cake\Routing\Dispatcher.php(165): Dispatcher->_invoke(Object(ProcesoregistrosController), Object(CakeRequest))
#14 C:\xampp\htdocs\aplicacioncakephp\PIC_2025\webroot\index.php(109): Dispatcher->dispatch(Object(CakeRequest), Object(CakeResponse))
#15 {main}
2025-08-29 19:17:38 Error: Fatal Error (1): Out of memory (allocated 424673280) (tried to allocate 381120512 bytes) in [C:\xampp\htdocs\aplicacioncakephp\lib\Cake\Utility\Debugger.php, line 802]
2025-08-29 19:17:48 Error: [MissingActionException] Action AppController::img() could not be found.
Exception Attributes: array (
  'controller' => 'AppController',
  'action' => 'img',
)
Request URL: /aplicacioncakephp/PIC_2025/app/img/copylink.png
Stack Trace:
#0 C:\xampp\htdocs\aplicacioncakephp\lib\Cake\Routing\Dispatcher.php(191): Controller->invokeAction(Object(CakeRequest))
#1 C:\xampp\htdocs\aplicacioncakephp\lib\Cake\Routing\Dispatcher.php(165): Dispatcher->_invoke(Object(AppController), Object(CakeRequest))
#2 C:\xampp\htdocs\aplicacioncakephp\PIC_2025\webroot\index.php(109): Dispatcher->dispatch(Object(CakeRequest), Object(CakeResponse))
#3 {main}
2025-08-29 19:17:48 Error: [MissingActionException] Action AppController::img() could not be found.
Exception Attributes: array (
  'controller' => 'AppController',
  'action' => 'img',
)
Request URL: /aplicacioncakephp/PIC_2025/app/img/copylink.png
Stack Trace:
#0 C:\xampp\htdocs\aplicacioncakephp\lib\Cake\Routing\Dispatcher.php(191): Controller->invokeAction(Object(CakeRequest))
#1 C:\xampp\htdocs\aplicacioncakephp\lib\Cake\Routing\Dispatcher.php(165): Dispatcher->_invoke(Object(AppController), Object(CakeRequest))
#2 C:\xampp\htdocs\aplicacioncakephp\PIC_2025\webroot\index.php(109): Dispatcher->dispatch(Object(CakeRequest), Object(CakeResponse))
#3 {main}
2025-08-29 19:17:48 Error: [MissingActionException] Action AppController::img() could not be found.
Exception Attributes: array (
  'controller' => 'AppController',
  'action' => 'img',
)
Request URL: /aplicacioncakephp/PIC_2025/app/img/copylink.png
Stack Trace:
#0 C:\xampp\htdocs\aplicacioncakephp\lib\Cake\Routing\Dispatcher.php(191): Controller->invokeAction(Object(CakeRequest))
#1 C:\xampp\htdocs\aplicacioncakephp\lib\Cake\Routing\Dispatcher.php(165): Dispatcher->_invoke(Object(AppController), Object(CakeRequest))
#2 C:\xampp\htdocs\aplicacioncakephp\PIC_2025\webroot\index.php(109): Dispatcher->dispatch(Object(CakeRequest), Object(CakeResponse))
#3 {main}
2025-08-29 19:17:48 Error: [MissingActionException] Action AppController::img() could not be found.
Exception Attributes: array (
  'controller' => 'AppController',
  'action' => 'img',
)
Request URL: /aplicacioncakephp/PIC_2025/app/img/copylink.png
Stack Trace:
#0 C:\xampp\htdocs\aplicacioncakephp\lib\Cake\Routing\Dispatcher.php(191): Controller->invokeAction(Object(CakeRequest))
#1 C:\xampp\htdocs\aplicacioncakephp\lib\Cake\Routing\Dispatcher.php(165): Dispatcher->_invoke(Object(AppController), Object(CakeRequest))
#2 C:\xampp\htdocs\aplicacioncakephp\PIC_2025\webroot\index.php(109): Dispatcher->dispatch(Object(CakeRequest), Object(CakeResponse))
#3 {main}
2025-08-29 19:17:48 Error: [MissingActionException] Action AppController::img() could not be found.
Exception Attributes: array (
  'controller' => 'AppController',
  'action' => 'img',
)
Request URL: /aplicacioncakephp/PIC_2025/app/img/copylink.png
Stack Trace:
#0 C:\xampp\htdocs\aplicacioncakephp\lib\Cake\Routing\Dispatcher.php(191): Controller->invokeAction(Object(CakeRequest))
#1 C:\xampp\htdocs\aplicacioncakephp\lib\Cake\Routing\Dispatcher.php(165): Dispatcher->_invoke(Object(AppController), Object(CakeRequest))
#2 C:\xampp\htdocs\aplicacioncakephp\PIC_2025\webroot\index.php(109): Dispatcher->dispatch(Object(CakeRequest), Object(CakeResponse))
#3 {main}
2025-08-29 19:18:20 Error: Fatal Error (1): Out of memory (allocated 424411136) (tried to allocate 381120512 bytes) in [C:\xampp\htdocs\aplicacioncakephp\lib\Cake\Utility\Debugger.php, line 802]
2025-08-29 19:18:50 Error: Fatal Error (1): Out of memory (allocated 424148992) (tried to allocate 381124608 bytes) in [C:\xampp\htdocs\aplicacioncakephp\lib\Cake\Utility\Debugger.php, line 802]
2025-08-29 19:18:58 Error: [MissingActionException] Action AppController::img() could not be found.
Exception Attributes: array (
  'controller' => 'AppController',
  'action' => 'img',
)
Request URL: /aplicacioncakephp/PIC_2025/app/img/copylink.png
Stack Trace:
#0 C:\xampp\htdocs\aplicacioncakephp\lib\Cake\Routing\Dispatcher.php(191): Controller->invokeAction(Object(CakeRequest))
#1 C:\xampp\htdocs\aplicacioncakephp\lib\Cake\Routing\Dispatcher.php(165): Dispatcher->_invoke(Object(AppController), Object(CakeRequest))
#2 C:\xampp\htdocs\aplicacioncakephp\PIC_2025\webroot\index.php(109): Dispatcher->dispatch(Object(CakeRequest), Object(CakeResponse))
#3 {main}
2025-08-29 19:18:58 Error: [MissingActionException] Action AppController::img() could not be found.
Exception Attributes: array (
  'controller' => 'AppController',
  'action' => 'img',
)
Request URL: /aplicacioncakephp/PIC_2025/app/img/copylink.png
Stack Trace:
#0 C:\xampp\htdocs\aplicacioncakephp\lib\Cake\Routing\Dispatcher.php(191): Controller->invokeAction(Object(CakeRequest))
#1 C:\xampp\htdocs\aplicacioncakephp\lib\Cake\Routing\Dispatcher.php(165): Dispatcher->_invoke(Object(AppController), Object(CakeRequest))
#2 C:\xampp\htdocs\aplicacioncakephp\PIC_2025\webroot\index.php(109): Dispatcher->dispatch(Object(CakeRequest), Object(CakeResponse))
#3 {main}
2025-08-29 19:18:58 Error: [MissingActionException] Action AppController::img() could not be found.
Exception Attributes: array (
  'controller' => 'AppController',
  'action' => 'img',
)
Request URL: /aplicacioncakephp/PIC_2025/app/img/copylink.png
Stack Trace:
#0 C:\xampp\htdocs\aplicacioncakephp\lib\Cake\Routing\Dispatcher.php(191): Controller->invokeAction(Object(CakeRequest))
#1 C:\xampp\htdocs\aplicacioncakephp\lib\Cake\Routing\Dispatcher.php(165): Dispatcher->_invoke(Object(AppController), Object(CakeRequest))
#2 C:\xampp\htdocs\aplicacioncakephp\PIC_2025\webroot\index.php(109): Dispatcher->dispatch(Object(CakeRequest), Object(CakeResponse))
#3 {main}
2025-08-29 19:18:58 Error: [MissingActionException] Action AppController::img() could not be found.
Exception Attributes: array (
  'controller' => 'AppController',
  'action' => 'img',
)
Request URL: /aplicacioncakephp/PIC_2025/app/img/copylink.png
Stack Trace:
#0 C:\xampp\htdocs\aplicacioncakephp\lib\Cake\Routing\Dispatcher.php(191): Controller->invokeAction(Object(CakeRequest))
#1 C:\xampp\htdocs\aplicacioncakephp\lib\Cake\Routing\Dispatcher.php(165): Dispatcher->_invoke(Object(AppController), Object(CakeRequest))
#2 C:\xampp\htdocs\aplicacioncakephp\PIC_2025\webroot\index.php(109): Dispatcher->dispatch(Object(CakeRequest), Object(CakeResponse))
#3 {main}
2025-08-29 19:18:58 Error: [MissingActionException] Action AppController::img() could not be found.
Exception Attributes: array (
  'controller' => 'AppController',
  'action' => 'img',
)
Request URL: /aplicacioncakephp/PIC_2025/app/img/copylink.png
Stack Trace:
#0 C:\xampp\htdocs\aplicacioncakephp\lib\Cake\Routing\Dispatcher.php(191): Controller->invokeAction(Object(CakeRequest))
#1 C:\xampp\htdocs\aplicacioncakephp\lib\Cake\Routing\Dispatcher.php(165): Dispatcher->_invoke(Object(AppController), Object(CakeRequest))
#2 C:\xampp\htdocs\aplicacioncakephp\PIC_2025\webroot\index.php(109): Dispatcher->dispatch(Object(CakeRequest), Object(CakeResponse))
#3 {main}
2025-08-29 19:18:58 Error: [MissingActionException] Action AppController::img() could not be found.
Exception Attributes: array (
  'controller' => 'AppController',
  'action' => 'img',
)
Request URL: /aplicacioncakephp/PIC_2025/app/img/copylink.png
Stack Trace:
#0 C:\xampp\htdocs\aplicacioncakephp\lib\Cake\Routing\Dispatcher.php(191): Controller->invokeAction(Object(CakeRequest))
#1 C:\xampp\htdocs\aplicacioncakephp\lib\Cake\Routing\Dispatcher.php(165): Dispatcher->_invoke(Object(AppController), Object(CakeRequest))
#2 C:\xampp\htdocs\aplicacioncakephp\PIC_2025\webroot\index.php(109): Dispatcher->dispatch(Object(CakeRequest), Object(CakeResponse))
#3 {main}
2025-08-29 19:26:51 Error: Fatal Error (1): Out of memory (allocated 1092616192) (tried to allocate 361097634 bytes) in [C:\xampp\htdocs\aplicacioncakephp\lib\Cake\View\View.php, line 951]
2025-08-29 19:26:51 Error: [FatalErrorException] Out of memory (allocated 1092616192) (tried to allocate 361097634 bytes)
Request URL: /aplicacioncakephp/PIC_2025/procesoregistros/index
Stack Trace:
#0 C:\xampp\htdocs\aplicacioncakephp\lib\Cake\Error\ErrorHandler.php(203): ErrorHandler::handleFatalError(1, 'Out of memory (...', 'C:\\xampp\\htdocs...', 951)
#1 [internal function]: ErrorHandler::handleError(1, 'Out of memory (...', 'C:\\xampp\\htdocs...', 951, Array)
#2 C:\xampp\htdocs\aplicacioncakephp\lib\Cake\Core\App.php(929): call_user_func('ErrorHandler::h...', 1, 'Out of memory (...', 'C:\\xampp\\htdocs...', 951, Array)
#3 C:\xampp\htdocs\aplicacioncakephp\lib\Cake\Core\App.php(902): App::_checkFatalError()
#4 [internal function]: App::shutdown()
#5 {main}
2025-08-29 19:27:31 Error: Fatal Error (1): Out of memory (allocated 1092616192) (tried to allocate 361097634 bytes) in [C:\xampp\htdocs\aplicacioncakephp\lib\Cake\View\View.php, line 951]
2025-08-29 19:27:31 Error: [FatalErrorException] Out of memory (allocated 1092616192) (tried to allocate 361097634 bytes)
Request URL: /aplicacioncakephp/PIC_2025/procesoregistros/index
Stack Trace:
#0 C:\xampp\htdocs\aplicacioncakephp\lib\Cake\Error\ErrorHandler.php(203): ErrorHandler::handleFatalError(1, 'Out of memory (...', 'C:\\xampp\\htdocs...', 951)
#1 [internal function]: ErrorHandler::handleError(1, 'Out of memory (...', 'C:\\xampp\\htdocs...', 951, Array)
#2 C:\xampp\htdocs\aplicacioncakephp\lib\Cake\Core\App.php(929): call_user_func('ErrorHandler::h...', 1, 'Out of memory (...', 'C:\\xampp\\htdocs...', 951, Array)
#3 C:\xampp\htdocs\aplicacioncakephp\lib\Cake\Core\App.php(902): App::_checkFatalError()
#4 [internal function]: App::shutdown()
#5 {main}
2025-08-29 19:28:39 Error: Fatal Error (1): Out of memory (allocated 372244480) (tried to allocate 359788544 bytes) in [C:\xampp\htdocs\aplicacioncakephp\lib\Cake\Utility\Debugger.php, line 802]
2025-08-29 19:29:21 Error: Fatal Error (1): Out of memory (allocated 1092878336) (tried to allocate 361097634 bytes) in [C:\xampp\htdocs\aplicacioncakephp\lib\Cake\View\View.php, line 951]
2025-08-29 19:29:21 Error: [FatalErrorException] Out of memory (allocated 1092878336) (tried to allocate 361097634 bytes)
Request URL: /aplicacioncakephp/PIC_2025/procesoregistros/index
Stack Trace:
#0 C:\xampp\htdocs\aplicacioncakephp\lib\Cake\Error\ErrorHandler.php(203): ErrorHandler::handleFatalError(1, 'Out of memory (...', 'C:\\xampp\\htdocs...', 951)
#1 [internal function]: ErrorHandler::handleError(1, 'Out of memory (...', 'C:\\xampp\\htdocs...', 951, Array)
#2 C:\xampp\htdocs\aplicacioncakephp\lib\Cake\Core\App.php(929): call_user_func('ErrorHandler::h...', 1, 'Out of memory (...', 'C:\\xampp\\htdocs...', 951, Array)
#3 C:\xampp\htdocs\aplicacioncakephp\lib\Cake\Core\App.php(902): App::_checkFatalError()
#4 [internal function]: App::shutdown()
#5 {main}
2025-08-29 19:30:18 Error: Fatal Error (1): Out of memory (allocated 1092354048) (tried to allocate 361097634 bytes) in [C:\xampp\htdocs\aplicacioncakephp\lib\Cake\View\View.php, line 951]
2025-08-29 19:30:18 Error: [FatalErrorException] Out of memory (allocated 1092354048) (tried to allocate 361097634 bytes)
Request URL: /aplicacioncakephp/PIC_2025/procesoregistros
Stack Trace:
#0 C:\xampp\htdocs\aplicacioncakephp\lib\Cake\Error\ErrorHandler.php(203): ErrorHandler::handleFatalError(1, 'Out of memory (...', 'C:\\xampp\\htdocs...', 951)
#1 [internal function]: ErrorHandler::handleError(1, 'Out of memory (...', 'C:\\xampp\\htdocs...', 951, Array)
#2 C:\xampp\htdocs\aplicacioncakephp\lib\Cake\Core\App.php(929): call_user_func('ErrorHandler::h...', 1, 'Out of memory (...', 'C:\\xampp\\htdocs...', 951, Array)
#3 C:\xampp\htdocs\aplicacioncakephp\lib\Cake\Core\App.php(902): App::_checkFatalError()
#4 [internal function]: App::shutdown()
#5 {main}
2025-08-29 19:30:59 Error: Fatal Error (1): Out of memory (allocated 1092616192) (tried to allocate 361097202 bytes) in [C:\xampp\htdocs\aplicacioncakephp\lib\Cake\View\View.php, line 951]
2025-08-29 19:30:59 Error: [FatalErrorException] Out of memory (allocated 1092616192) (tried to allocate 361097202 bytes)
Request URL: /aplicacioncakephp/PIC_2025/procesoregistros
Stack Trace:
#0 C:\xampp\htdocs\aplicacioncakephp\lib\Cake\Error\ErrorHandler.php(203): ErrorHandler::handleFatalError(1, 'Out of memory (...', 'C:\\xampp\\htdocs...', 951)
#1 [internal function]: ErrorHandler::handleError(1, 'Out of memory (...', 'C:\\xampp\\htdocs...', 951, Array)
#2 C:\xampp\htdocs\aplicacioncakephp\lib\Cake\Core\App.php(929): call_user_func('ErrorHandler::h...', 1, 'Out of memory (...', 'C:\\xampp\\htdocs...', 951, Array)
#3 C:\xampp\htdocs\aplicacioncakephp\lib\Cake\Core\App.php(902): App::_checkFatalError()
#4 [internal function]: App::shutdown()
#5 {main}
2025-08-29 19:31:37 Error: Fatal Error (1): Out of memory (allocated 1092616192) (tried to allocate 361097634 bytes) in [C:\xampp\htdocs\aplicacioncakephp\lib\Cake\View\View.php, line 951]
2025-08-29 19:31:37 Error: [FatalErrorException] Out of memory (allocated 1092616192) (tried to allocate 361097634 bytes)
Request URL: /aplicacioncakephp/PIC_2025/procesoregistros
Stack Trace:
#0 C:\xampp\htdocs\aplicacioncakephp\lib\Cake\Error\ErrorHandler.php(203): ErrorHandler::handleFatalError(1, 'Out of memory (...', 'C:\\xampp\\htdocs...', 951)
#1 [internal function]: ErrorHandler::handleError(1, 'Out of memory (...', 'C:\\xampp\\htdocs...', 951, Array)
#2 C:\xampp\htdocs\aplicacioncakephp\lib\Cake\Core\App.php(929): call_user_func('ErrorHandler::h...', 1, 'Out of memory (...', 'C:\\xampp\\htdocs...', 951, Array)
#3 C:\xampp\htdocs\aplicacioncakephp\lib\Cake\Core\App.php(902): App::_checkFatalError()
#4 [internal function]: App::shutdown()
#5 {main}
2025-08-29 19:32:20 Error: Fatal Error (1): Out of memory (allocated 1092616192) (tried to allocate 361097634 bytes) in [C:\xampp\htdocs\aplicacioncakephp\lib\Cake\View\View.php, line 951]
2025-08-29 19:32:20 Error: [FatalErrorException] Out of memory (allocated 1092616192) (tried to allocate 361097634 bytes)
Request URL: /aplicacioncakephp/PIC_2025/procesoregistros
Stack Trace:
#0 C:\xampp\htdocs\aplicacioncakephp\lib\Cake\Error\ErrorHandler.php(203): ErrorHandler::handleFatalError(1, 'Out of memory (...', 'C:\\xampp\\htdocs...', 951)
#1 [internal function]: ErrorHandler::handleError(1, 'Out of memory (...', 'C:\\xampp\\htdocs...', 951, Array)
#2 C:\xampp\htdocs\aplicacioncakephp\lib\Cake\Core\App.php(929): call_user_func('ErrorHandler::h...', 1, 'Out of memory (...', 'C:\\xampp\\htdocs...', 951, Array)
#3 C:\xampp\htdocs\aplicacioncakephp\lib\Cake\Core\App.php(902): App::_checkFatalError()
#4 [internal function]: App::shutdown()
#5 {main}
2025-08-29 19:33:03 Error: Fatal Error (1): Out of memory (allocated 731381760) (tried to allocate 361091072 bytes) in [C:\xampp\htdocs\aplicacioncakephp\PIC_2025\View\Layouts\default.ctp, line 418]
2025-08-29 19:33:03 Error: [FatalErrorException] Out of memory (allocated 731381760) (tried to allocate 361091072 bytes)
Request URL: /aplicacioncakephp/PIC_2025/procesoregistros
Stack Trace:
#0 C:\xampp\htdocs\aplicacioncakephp\lib\Cake\Error\ErrorHandler.php(203): ErrorHandler::handleFatalError(1, 'Out of memory (...', 'C:\\xampp\\htdocs...', 418)
#1 [internal function]: ErrorHandler::handleError(1, 'Out of memory (...', 'C:\\xampp\\htdocs...', 418, Array)
#2 C:\xampp\htdocs\aplicacioncakephp\lib\Cake\Core\App.php(929): call_user_func('ErrorHandler::h...', 1, 'Out of memory (...', 'C:\\xampp\\htdocs...', 418, Array)
#3 C:\xampp\htdocs\aplicacioncakephp\lib\Cake\Core\App.php(902): App::_checkFatalError()
#4 [internal function]: App::shutdown()
#5 {main}
2025-08-29 19:34:26 Error: [MissingActionException] Action AppController::img() could not be found.
Exception Attributes: array (
  'controller' => 'AppController',
  'action' => 'img',
)
Request URL: /aplicacioncakephp/PIC_2025/app/img/copylink.png
Stack Trace:
#0 C:\xampp\htdocs\aplicacioncakephp\lib\Cake\Routing\Dispatcher.php(191): Controller->invokeAction(Object(CakeRequest))
#1 C:\xampp\htdocs\aplicacioncakephp\lib\Cake\Routing\Dispatcher.php(165): Dispatcher->_invoke(Object(AppController), Object(CakeRequest))
#2 C:\xampp\htdocs\aplicacioncakephp\PIC_2025\webroot\index.php(109): Dispatcher->dispatch(Object(CakeRequest), Object(CakeResponse))
#3 {main}
2025-08-29 19:34:26 Error: [MissingActionException] Action AppController::img() could not be found.
Exception Attributes: array (
  'controller' => 'AppController',
  'action' => 'img',
)
Request URL: /aplicacioncakephp/PIC_2025/app/img/copylink.png
Stack Trace:
#0 C:\xampp\htdocs\aplicacioncakephp\lib\Cake\Routing\Dispatcher.php(191): Controller->invokeAction(Object(CakeRequest))
#1 C:\xampp\htdocs\aplicacioncakephp\lib\Cake\Routing\Dispatcher.php(165): Dispatcher->_invoke(Object(AppController), Object(CakeRequest))
#2 C:\xampp\htdocs\aplicacioncakephp\PIC_2025\webroot\index.php(109): Dispatcher->dispatch(Object(CakeRequest), Object(CakeResponse))
#3 {main}
2025-08-29 19:34:26 Error: [MissingActionException] Action AppController::img() could not be found.
Exception Attributes: array (
  'controller' => 'AppController',
  'action' => 'img',
)
Request URL: /aplicacioncakephp/PIC_2025/app/img/copylink.png
Stack Trace:
#0 C:\xampp\htdocs\aplicacioncakephp\lib\Cake\Routing\Dispatcher.php(191): Controller->invokeAction(Object(CakeRequest))
#1 C:\xampp\htdocs\aplicacioncakephp\lib\Cake\Routing\Dispatcher.php(165): Dispatcher->_invoke(Object(AppController), Object(CakeRequest))
#2 C:\xampp\htdocs\aplicacioncakephp\PIC_2025\webroot\index.php(109): Dispatcher->dispatch(Object(CakeRequest), Object(CakeResponse))
#3 {main}
2025-08-29 19:34:26 Error: [MissingActionException] Action AppController::img() could not be found.
Exception Attributes: array (
  'controller' => 'AppController',
  'action' => 'img',
)
Request URL: /aplicacioncakephp/PIC_2025/app/img/copylink.png
Stack Trace:
#0 C:\xampp\htdocs\aplicacioncakephp\lib\Cake\Routing\Dispatcher.php(191): Controller->invokeAction(Object(CakeRequest))
#1 C:\xampp\htdocs\aplicacioncakephp\lib\Cake\Routing\Dispatcher.php(165): Dispatcher->_invoke(Object(AppController), Object(CakeRequest))
#2 C:\xampp\htdocs\aplicacioncakephp\PIC_2025\webroot\index.php(109): Dispatcher->dispatch(Object(CakeRequest), Object(CakeResponse))
#3 {main}
2025-08-29 19:34:26 Error: [MissingActionException] Action AppController::img() could not be found.
Exception Attributes: array (
  'controller' => 'AppController',
  'action' => 'img',
)
Request URL: /aplicacioncakephp/PIC_2025/app/img/copylink.png
Stack Trace:
#0 C:\xampp\htdocs\aplicacioncakephp\lib\Cake\Routing\Dispatcher.php(191): Controller->invokeAction(Object(CakeRequest))
#1 C:\xampp\htdocs\aplicacioncakephp\lib\Cake\Routing\Dispatcher.php(165): Dispatcher->_invoke(Object(AppController), Object(CakeRequest))
#2 C:\xampp\htdocs\aplicacioncakephp\PIC_2025\webroot\index.php(109): Dispatcher->dispatch(Object(CakeRequest), Object(CakeResponse))
#3 {main}
2025-08-29 19:34:27 Error: [MissingActionException] Action AppController::img() could not be found.
Exception Attributes: array (
  'controller' => 'AppController',
  'action' => 'img',
)
Request URL: /aplicacioncakephp/PIC_2025/app/img/copylink.png
Stack Trace:
#0 C:\xampp\htdocs\aplicacioncakephp\lib\Cake\Routing\Dispatcher.php(191): Controller->invokeAction(Object(CakeRequest))
#1 C:\xampp\htdocs\aplicacioncakephp\lib\Cake\Routing\Dispatcher.php(165): Dispatcher->_invoke(Object(AppController), Object(CakeRequest))
#2 C:\xampp\htdocs\aplicacioncakephp\PIC_2025\webroot\index.php(109): Dispatcher->dispatch(Object(CakeRequest), Object(CakeResponse))
#3 {main}
2025-08-29 19:35:17 Error: Fatal Error (1): Out of memory (allocated 1091305472) (tried to allocate 360301272 bytes) in [C:\xampp\htdocs\aplicacioncakephp\lib\Cake\View\View.php, line 951]
2025-08-29 19:35:17 Error: [FatalErrorException] Out of memory (allocated 1091305472) (tried to allocate 360301272 bytes)
Request URL: /aplicacioncakephp/PIC_2025/procesoregistros/index
Stack Trace:
#0 C:\xampp\htdocs\aplicacioncakephp\lib\Cake\Error\ErrorHandler.php(203): ErrorHandler::handleFatalError(1, 'Out of memory (...', 'C:\\xampp\\htdocs...', 951)
#1 [internal function]: ErrorHandler::handleError(1, 'Out of memory (...', 'C:\\xampp\\htdocs...', 951, Array)
#2 C:\xampp\htdocs\aplicacioncakephp\lib\Cake\Core\App.php(929): call_user_func('ErrorHandler::h...', 1, 'Out of memory (...', 'C:\\xampp\\htdocs...', 951, Array)
#3 C:\xampp\htdocs\aplicacioncakephp\lib\Cake\Core\App.php(902): App::_checkFatalError()
#4 [internal function]: App::shutdown()
#5 {main}
2025-08-29 19:36:04 Error: Fatal Error (1): Out of memory (allocated 1094189056) (tried to allocate 361142496 bytes) in [C:\xampp\htdocs\aplicacioncakephp\lib\Cake\View\View.php, line 951]
2025-08-29 19:36:05 Error: [FatalErrorException] Out of memory (allocated 1094189056) (tried to allocate 361142496 bytes)
Request URL: /aplicacioncakephp/PIC_2025/procesoregistros/index
Stack Trace:
#0 C:\xampp\htdocs\aplicacioncakephp\lib\Cake\Error\ErrorHandler.php(203): ErrorHandler::handleFatalError(1, 'Out of memory (...', 'C:\\xampp\\htdocs...', 951)
#1 [internal function]: ErrorHandler::handleError(1, 'Out of memory (...', 'C:\\xampp\\htdocs...', 951, Array)
#2 C:\xampp\htdocs\aplicacioncakephp\lib\Cake\Core\App.php(929): call_user_func('ErrorHandler::h...', 1, 'Out of memory (...', 'C:\\xampp\\htdocs...', 951, Array)
#3 C:\xampp\htdocs\aplicacioncakephp\lib\Cake\Core\App.php(902): App::_checkFatalError()
#4 [internal function]: App::shutdown()
#5 {main}
2025-08-29 19:37:11 Error: [PDOException] SQLSTATE[42S22]: Column not found: 1054 Unknown column 'Proactividad.Responsable' in 'field list'
Request URL: /aplicacioncakephp/PIC_2025/procesoregistros/index
Stack Trace:
#0 C:\xampp\htdocs\aplicacioncakephp\lib\Cake\Model\Datasource\DboSource.php(458): PDOStatement->execute(Array)
#1 C:\xampp\htdocs\aplicacioncakephp\lib\Cake\Model\Datasource\DboSource.php(424): DboSource->_execute('SELECT `Proceso...', Array)
#2 C:\xampp\htdocs\aplicacioncakephp\lib\Cake\Model\Datasource\DboSource.php(666): DboSource->execute('SELECT `Proceso...', Array, Array)
#3 C:\xampp\htdocs\aplicacioncakephp\lib\Cake\Model\Datasource\DboSource.php(1106): DboSource->fetchAll('SELECT `Proceso...', false)
#4 C:\xampp\htdocs\aplicacioncakephp\lib\Cake\Model\Model.php(2905): DboSource->read(Object(Procesoregistro), Array)
#5 C:\xampp\htdocs\aplicacioncakephp\lib\Cake\Model\Model.php(2877): Model->_readDataSource('all', Array)
#6 C:\xampp\htdocs\aplicacioncakephp\PIC_2025\Controller\ProcesoregistrosController.php(33): Model->find('all', Array)
#7 [internal function]: ProcesoregistrosController->index()
#8 C:\xampp\htdocs\aplicacioncakephp\lib\Cake\Controller\Controller.php(490): ReflectionMethod->invokeArgs(Object(ProcesoregistrosController), Array)
#9 C:\xampp\htdocs\aplicacioncakephp\lib\Cake\Routing\Dispatcher.php(191): Controller->invokeAction(Object(CakeRequest))
#10 C:\xampp\htdocs\aplicacioncakephp\lib\Cake\Routing\Dispatcher.php(165): Dispatcher->_invoke(Object(ProcesoregistrosController), Object(CakeRequest))
#11 C:\xampp\htdocs\aplicacioncakephp\PIC_2025\webroot\index.php(109): Dispatcher->dispatch(Object(CakeRequest), Object(CakeResponse))
#12 {main}
2025-08-29 19:40:08 Error: [PDOException] SQLSTATE[42S22]: Column not found: 1054 Unknown column 'Proactividad.contain' in 'field list'
Request URL: /aplicacioncakephp/PIC_2025/procesoregistros/index
Stack Trace:
#0 C:\xampp\htdocs\aplicacioncakephp\lib\Cake\Model\Datasource\DboSource.php(458): PDOStatement->execute(Array)
#1 C:\xampp\htdocs\aplicacioncakephp\lib\Cake\Model\Datasource\DboSource.php(424): DboSource->_execute('SELECT `Proceso...', Array)
#2 C:\xampp\htdocs\aplicacioncakephp\lib\Cake\Model\Datasource\DboSource.php(666): DboSource->execute('SELECT `Proceso...', Array, Array)
#3 C:\xampp\htdocs\aplicacioncakephp\lib\Cake\Model\Datasource\DboSource.php(1106): DboSource->fetchAll('SELECT `Proceso...', false)
#4 C:\xampp\htdocs\aplicacioncakephp\lib\Cake\Model\Model.php(2905): DboSource->read(Object(Procesoregistro), Array)
#5 C:\xampp\htdocs\aplicacioncakephp\lib\Cake\Model\Model.php(2877): Model->_readDataSource('all', Array)
#6 C:\xampp\htdocs\aplicacioncakephp\PIC_2025\Controller\ProcesoregistrosController.php(37): Model->find('all', Array)
#7 [internal function]: ProcesoregistrosController->index()
#8 C:\xampp\htdocs\aplicacioncakephp\lib\Cake\Controller\Controller.php(490): ReflectionMethod->invokeArgs(Object(ProcesoregistrosController), Array)
#9 C:\xampp\htdocs\aplicacioncakephp\lib\Cake\Routing\Dispatcher.php(191): Controller->invokeAction(Object(CakeRequest))
#10 C:\xampp\htdocs\aplicacioncakephp\lib\Cake\Routing\Dispatcher.php(165): Dispatcher->_invoke(Object(ProcesoregistrosController), Object(CakeRequest))
#11 C:\xampp\htdocs\aplicacioncakephp\PIC_2025\webroot\index.php(109): Dispatcher->dispatch(Object(CakeRequest), Object(CakeResponse))
#12 {main}
2025-08-29 19:40:38 Error: [PDOException] SQLSTATE[42S22]: Column not found: 1054 Unknown column 'Proactividad.contain' in 'field list'
Request URL: /aplicacioncakephp/PIC_2025/procesoregistros/index
Stack Trace:
#0 C:\xampp\htdocs\aplicacioncakephp\lib\Cake\Model\Datasource\DboSource.php(458): PDOStatement->execute(Array)
#1 C:\xampp\htdocs\aplicacioncakephp\lib\Cake\Model\Datasource\DboSource.php(424): DboSource->_execute('SELECT `Proceso...', Array)
#2 C:\xampp\htdocs\aplicacioncakephp\lib\Cake\Model\Datasource\DboSource.php(666): DboSource->execute('SELECT `Proceso...', Array, Array)
#3 C:\xampp\htdocs\aplicacioncakephp\lib\Cake\Model\Datasource\DboSource.php(1106): DboSource->fetchAll('SELECT `Proceso...', false)
#4 C:\xampp\htdocs\aplicacioncakephp\lib\Cake\Model\Model.php(2905): DboSource->read(Object(Procesoregistro), Array)
#5 C:\xampp\htdocs\aplicacioncakephp\lib\Cake\Model\Model.php(2877): Model->_readDataSource('all', Array)
#6 C:\xampp\htdocs\aplicacioncakephp\PIC_2025\Controller\ProcesoregistrosController.php(38): Model->find('all', Array)
#7 [internal function]: ProcesoregistrosController->index()
#8 C:\xampp\htdocs\aplicacioncakephp\lib\Cake\Controller\Controller.php(490): ReflectionMethod->invokeArgs(Object(ProcesoregistrosController), Array)
#9 C:\xampp\htdocs\aplicacioncakephp\lib\Cake\Routing\Dispatcher.php(191): Controller->invokeAction(Object(CakeRequest))
#10 C:\xampp\htdocs\aplicacioncakephp\lib\Cake\Routing\Dispatcher.php(165): Dispatcher->_invoke(Object(ProcesoregistrosController), Object(CakeRequest))
#11 C:\xampp\htdocs\aplicacioncakephp\PIC_2025\webroot\index.php(109): Dispatcher->dispatch(Object(CakeRequest), Object(CakeResponse))
#12 {main}
2025-08-29 19:40:39 Error: [PDOException] SQLSTATE[42S22]: Column not found: 1054 Unknown column 'Proactividad.contain' in 'field list'
Request URL: /aplicacioncakephp/PIC_2025/procesoregistros/index
Stack Trace:
#0 C:\xampp\htdocs\aplicacioncakephp\lib\Cake\Model\Datasource\DboSource.php(458): PDOStatement->execute(Array)
#1 C:\xampp\htdocs\aplicacioncakephp\lib\Cake\Model\Datasource\DboSource.php(424): DboSource->_execute('SELECT `Proceso...', Array)
#2 C:\xampp\htdocs\aplicacioncakephp\lib\Cake\Model\Datasource\DboSource.php(666): DboSource->execute('SELECT `Proceso...', Array, Array)
#3 C:\xampp\htdocs\aplicacioncakephp\lib\Cake\Model\Datasource\DboSource.php(1106): DboSource->fetchAll('SELECT `Proceso...', false)
#4 C:\xampp\htdocs\aplicacioncakephp\lib\Cake\Model\Model.php(2905): DboSource->read(Object(Procesoregistro), Array)
#5 C:\xampp\htdocs\aplicacioncakephp\lib\Cake\Model\Model.php(2877): Model->_readDataSource('all', Array)
#6 C:\xampp\htdocs\aplicacioncakephp\PIC_2025\Controller\ProcesoregistrosController.php(38): Model->find('all', Array)
#7 [internal function]: ProcesoregistrosController->index()
#8 C:\xampp\htdocs\aplicacioncakephp\lib\Cake\Controller\Controller.php(490): ReflectionMethod->invokeArgs(Object(ProcesoregistrosController), Array)
#9 C:\xampp\htdocs\aplicacioncakephp\lib\Cake\Routing\Dispatcher.php(191): Controller->invokeAction(Object(CakeRequest))
#10 C:\xampp\htdocs\aplicacioncakephp\lib\Cake\Routing\Dispatcher.php(165): Dispatcher->_invoke(Object(ProcesoregistrosController), Object(CakeRequest))
#11 C:\xampp\htdocs\aplicacioncakephp\PIC_2025\webroot\index.php(109): Dispatcher->dispatch(Object(CakeRequest), Object(CakeResponse))
#12 {main}
2025-08-29 19:41:30 Error: [PDOException] SQLSTATE[42S22]: Column not found: 1054 Unknown column 'Procesoregistro.Array' in 'field list'
Request URL: /aplicacioncakephp/PIC_2025/procesoregistros/index
Stack Trace:
#0 C:\xampp\htdocs\aplicacioncakephp\lib\Cake\Model\Datasource\DboSource.php(458): PDOStatement->execute(Array)
#1 C:\xampp\htdocs\aplicacioncakephp\lib\Cake\Model\Datasource\DboSource.php(424): DboSource->_execute('SELECT `Proceso...', Array)
#2 C:\xampp\htdocs\aplicacioncakephp\lib\Cake\Model\Datasource\DboSource.php(666): DboSource->execute('SELECT `Proceso...', Array, Array)
#3 C:\xampp\htdocs\aplicacioncakephp\lib\Cake\Model\Datasource\DboSource.php(1106): DboSource->fetchAll('SELECT `Proceso...', false)
#4 C:\xampp\htdocs\aplicacioncakephp\lib\Cake\Model\Model.php(2905): DboSource->read(Object(Procesoregistro), Array)
#5 C:\xampp\htdocs\aplicacioncakephp\lib\Cake\Model\Model.php(2877): Model->_readDataSource('all', Array)
#6 C:\xampp\htdocs\aplicacioncakephp\PIC_2025\Controller\ProcesoregistrosController.php(38): Model->find('all', Array)
#7 [internal function]: ProcesoregistrosController->index()
#8 C:\xampp\htdocs\aplicacioncakephp\lib\Cake\Controller\Controller.php(490): ReflectionMethod->invokeArgs(Object(ProcesoregistrosController), Array)
#9 C:\xampp\htdocs\aplicacioncakephp\lib\Cake\Routing\Dispatcher.php(191): Controller->invokeAction(Object(CakeRequest))
#10 C:\xampp\htdocs\aplicacioncakephp\lib\Cake\Routing\Dispatcher.php(165): Dispatcher->_invoke(Object(ProcesoregistrosController), Object(CakeRequest))
#11 C:\xampp\htdocs\aplicacioncakephp\PIC_2025\webroot\index.php(109): Dispatcher->dispatch(Object(CakeRequest), Object(CakeResponse))
#12 {main}
2025-08-29 19:42:06 Error: [PDOException] SQLSTATE[42S22]: Column not found: 1054 Unknown column 'Procesoregistro.Array' in 'field list'
Request URL: /aplicacioncakephp/PIC_2025/procesoregistros/index
Stack Trace:
#0 C:\xampp\htdocs\aplicacioncakephp\lib\Cake\Model\Datasource\DboSource.php(458): PDOStatement->execute(Array)
#1 C:\xampp\htdocs\aplicacioncakephp\lib\Cake\Model\Datasource\DboSource.php(424): DboSource->_execute('SELECT `Proceso...', Array)
#2 C:\xampp\htdocs\aplicacioncakephp\lib\Cake\Model\Datasource\DboSource.php(666): DboSource->execute('SELECT `Proceso...', Array, Array)
#3 C:\xampp\htdocs\aplicacioncakephp\lib\Cake\Model\Datasource\DboSource.php(1106): DboSource->fetchAll('SELECT `Proceso...', false)
#4 C:\xampp\htdocs\aplicacioncakephp\lib\Cake\Model\Model.php(2905): DboSource->read(Object(Procesoregistro), Array)
#5 C:\xampp\htdocs\aplicacioncakephp\lib\Cake\Model\Model.php(2877): Model->_readDataSource('all', Array)
#6 C:\xampp\htdocs\aplicacioncakephp\PIC_2025\Controller\ProcesoregistrosController.php(38): Model->find('all', Array)
#7 [internal function]: ProcesoregistrosController->index()
#8 C:\xampp\htdocs\aplicacioncakephp\lib\Cake\Controller\Controller.php(490): ReflectionMethod->invokeArgs(Object(ProcesoregistrosController), Array)
#9 C:\xampp\htdocs\aplicacioncakephp\lib\Cake\Routing\Dispatcher.php(191): Controller->invokeAction(Object(CakeRequest))
#10 C:\xampp\htdocs\aplicacioncakephp\lib\Cake\Routing\Dispatcher.php(165): Dispatcher->_invoke(Object(ProcesoregistrosController), Object(CakeRequest))
#11 C:\xampp\htdocs\aplicacioncakephp\PIC_2025\webroot\index.php(109): Dispatcher->dispatch(Object(CakeRequest), Object(CakeResponse))
#12 {main}
2025-08-29 20:04:10 Error: [MissingTableException] Table acta_view_tests for model ActaViewTest was not found in datasource default.
Exception Attributes: array (
  'table' => 'acta_view_tests',
  'class' => 'ActaViewTest',
  'ds' => 'default',
)
Request URL: /aplicacioncakephp/PIC_2025/procesoregistros/index
Stack Trace:
#0 C:\xampp\htdocs\aplicacioncakephp\lib\Cake\Model\Model.php(3501): Model->setSource('acta_view_tests')
#1 C:\xampp\htdocs\aplicacioncakephp\lib\Cake\Model\Model.php(1357): Model->getDataSource()
#2 C:\xampp\htdocs\aplicacioncakephp\lib\Cake\Model\Datasource\DboSource.php(2494): Model->schema()
#3 C:\xampp\htdocs\aplicacioncakephp\lib\Cake\Model\Datasource\DboSource.php(1735): DboSource->fields(Object(ActaViewTest), 'ActaViewTest', '')
#4 C:\xampp\htdocs\aplicacioncakephp\lib\Cake\Model\Datasource\DboSource.php(1238): DboSource->generateAssociationQuery(Object(Ubicacion), Object(ActaViewTest), 'hasMany', 'ActaViewTest', Array, Array, true)
#5 C:\xampp\htdocs\aplicacioncakephp\lib\Cake\Model\Datasource\DboSource.php(1353): DboSource->queryAssociation(Object(Ubicacion), Object(ActaViewTest), 'hasMany', 'ActaViewTest', Array, Array, true, Array, 0, Array)
#6 C:\xampp\htdocs\aplicacioncakephp\lib\Cake\Model\Datasource\DboSource.php(1142): DboSource->queryAssociation(Object(Procesoregistro), Object(Ubicacion), 'belongsTo', 'Ubicacion', Array, Array, true, Array, 1, Array)
#7 C:\xampp\htdocs\aplicacioncakephp\lib\Cake\Model\Model.php(2905): DboSource->read(Object(Procesoregistro), Array)
#8 C:\xampp\htdocs\aplicacioncakephp\lib\Cake\Model\Model.php(2877): Model->_readDataSource('all', Array)
#9 C:\xampp\htdocs\aplicacioncakephp\PIC_2025\Controller\ProcesoregistrosController.php(33): Model->find('all', Array)
#10 [internal function]: ProcesoregistrosController->index()
#11 C:\xampp\htdocs\aplicacioncakephp\lib\Cake\Controller\Controller.php(490): ReflectionMethod->invokeArgs(Object(ProcesoregistrosController), Array)
#12 C:\xampp\htdocs\aplicacioncakephp\lib\Cake\Routing\Dispatcher.php(191): Controller->invokeAction(Object(CakeRequest))
#13 C:\xampp\htdocs\aplicacioncakephp\lib\Cake\Routing\Dispatcher.php(165): Dispatcher->_invoke(Object(ProcesoregistrosController), Object(CakeRequest))
#14 C:\xampp\htdocs\aplicacioncakephp\PIC_2025\webroot\index.php(109): Dispatcher->dispatch(Object(CakeRequest), Object(CakeResponse))
#15 {main}
2025-08-29 20:04:13 Error: [MissingTableException] Table acta_view_tests for model ActaViewTest was not found in datasource default.
Exception Attributes: array (
  'table' => 'acta_view_tests',
  'class' => 'ActaViewTest',
  'ds' => 'default',
)
Request URL: /aplicacioncakephp/PIC_2025/procesoregistros/index
Stack Trace:
#0 C:\xampp\htdocs\aplicacioncakephp\lib\Cake\Model\Model.php(3501): Model->setSource('acta_view_tests')
#1 C:\xampp\htdocs\aplicacioncakephp\lib\Cake\Model\Model.php(1357): Model->getDataSource()
#2 C:\xampp\htdocs\aplicacioncakephp\lib\Cake\Model\Datasource\DboSource.php(2494): Model->schema()
#3 C:\xampp\htdocs\aplicacioncakephp\lib\Cake\Model\Datasource\DboSource.php(1735): DboSource->fields(Object(ActaViewTest), 'ActaViewTest', '')
#4 C:\xampp\htdocs\aplicacioncakephp\lib\Cake\Model\Datasource\DboSource.php(1238): DboSource->generateAssociationQuery(Object(Ubicacion), Object(ActaViewTest), 'hasMany', 'ActaViewTest', Array, Array, true)
#5 C:\xampp\htdocs\aplicacioncakephp\lib\Cake\Model\Datasource\DboSource.php(1353): DboSource->queryAssociation(Object(Ubicacion), Object(ActaViewTest), 'hasMany', 'ActaViewTest', Array, Array, true, Array, 0, Array)
#6 C:\xampp\htdocs\aplicacioncakephp\lib\Cake\Model\Datasource\DboSource.php(1142): DboSource->queryAssociation(Object(Procesoregistro), Object(Ubicacion), 'belongsTo', 'Ubicacion', Array, Array, true, Array, 1, Array)
#7 C:\xampp\htdocs\aplicacioncakephp\lib\Cake\Model\Model.php(2905): DboSource->read(Object(Procesoregistro), Array)
#8 C:\xampp\htdocs\aplicacioncakephp\lib\Cake\Model\Model.php(2877): Model->_readDataSource('all', Array)
#9 C:\xampp\htdocs\aplicacioncakephp\PIC_2025\Controller\ProcesoregistrosController.php(33): Model->find('all', Array)
#10 [internal function]: ProcesoregistrosController->index()
#11 C:\xampp\htdocs\aplicacioncakephp\lib\Cake\Controller\Controller.php(490): ReflectionMethod->invokeArgs(Object(ProcesoregistrosController), Array)
#12 C:\xampp\htdocs\aplicacioncakephp\lib\Cake\Routing\Dispatcher.php(191): Controller->invokeAction(Object(CakeRequest))
#13 C:\xampp\htdocs\aplicacioncakephp\lib\Cake\Routing\Dispatcher.php(165): Dispatcher->_invoke(Object(ProcesoregistrosController), Object(CakeRequest))
#14 C:\xampp\htdocs\aplicacioncakephp\PIC_2025\webroot\index.php(109): Dispatcher->dispatch(Object(CakeRequest), Object(CakeResponse))
#15 {main}
2025-08-29 20:05:44 Error: [PDOException] SQLSTATE[42S22]: Column not found: 1054 Unknown column 'Proactividad.nombre' in 'field list'
Request URL: /aplicacioncakephp/PIC_2025/procesoregistros/index
Stack Trace:
#0 C:\xampp\htdocs\aplicacioncakephp\lib\Cake\Model\Datasource\DboSource.php(458): PDOStatement->execute(Array)
#1 C:\xampp\htdocs\aplicacioncakephp\lib\Cake\Model\Datasource\DboSource.php(424): DboSource->_execute('SELECT `Proceso...', Array)
#2 C:\xampp\htdocs\aplicacioncakephp\lib\Cake\Model\Datasource\DboSource.php(666): DboSource->execute('SELECT `Proceso...', Array, Array)
#3 C:\xampp\htdocs\aplicacioncakephp\lib\Cake\Model\Datasource\DboSource.php(1106): DboSource->fetchAll('SELECT `Proceso...', false)
#4 C:\xampp\htdocs\aplicacioncakephp\lib\Cake\Model\Model.php(2905): DboSource->read(Object(Procesoregistro), Array)
#5 C:\xampp\htdocs\aplicacioncakephp\lib\Cake\Model\Model.php(2877): Model->_readDataSource('all', Array)
#6 C:\xampp\htdocs\aplicacioncakephp\PIC_2025\Controller\ProcesoregistrosController.php(42): Model->find('all', Array)
#7 [internal function]: ProcesoregistrosController->index()
#8 C:\xampp\htdocs\aplicacioncakephp\lib\Cake\Controller\Controller.php(490): ReflectionMethod->invokeArgs(Object(ProcesoregistrosController), Array)
#9 C:\xampp\htdocs\aplicacioncakephp\lib\Cake\Routing\Dispatcher.php(191): Controller->invokeAction(Object(CakeRequest))
#10 C:\xampp\htdocs\aplicacioncakephp\lib\Cake\Routing\Dispatcher.php(165): Dispatcher->_invoke(Object(ProcesoregistrosController), Object(CakeRequest))
#11 C:\xampp\htdocs\aplicacioncakephp\PIC_2025\webroot\index.php(109): Dispatcher->dispatch(Object(CakeRequest), Object(CakeResponse))
#12 {main}
2025-08-29 20:05:47 Error: [PDOException] SQLSTATE[42S22]: Column not found: 1054 Unknown column 'Proactividad.nombre' in 'field list'
Request URL: /aplicacioncakephp/PIC_2025/procesoregistros/index
Stack Trace:
#0 C:\xampp\htdocs\aplicacioncakephp\lib\Cake\Model\Datasource\DboSource.php(458): PDOStatement->execute(Array)
#1 C:\xampp\htdocs\aplicacioncakephp\lib\Cake\Model\Datasource\DboSource.php(424): DboSource->_execute('SELECT `Proceso...', Array)
#2 C:\xampp\htdocs\aplicacioncakephp\lib\Cake\Model\Datasource\DboSource.php(666): DboSource->execute('SELECT `Proceso...', Array, Array)
#3 C:\xampp\htdocs\aplicacioncakephp\lib\Cake\Model\Datasource\DboSource.php(1106): DboSource->fetchAll('SELECT `Proceso...', false)
#4 C:\xampp\htdocs\aplicacioncakephp\lib\Cake\Model\Model.php(2905): DboSource->read(Object(Procesoregistro), Array)
#5 C:\xampp\htdocs\aplicacioncakephp\lib\Cake\Model\Model.php(2877): Model->_readDataSource('all', Array)
#6 C:\xampp\htdocs\aplicacioncakephp\PIC_2025\Controller\ProcesoregistrosController.php(42): Model->find('all', Array)
#7 [internal function]: ProcesoregistrosController->index()
#8 C:\xampp\htdocs\aplicacioncakephp\lib\Cake\Controller\Controller.php(490): ReflectionMethod->invokeArgs(Object(ProcesoregistrosController), Array)
#9 C:\xampp\htdocs\aplicacioncakephp\lib\Cake\Routing\Dispatcher.php(191): Controller->invokeAction(Object(CakeRequest))
#10 C:\xampp\htdocs\aplicacioncakephp\lib\Cake\Routing\Dispatcher.php(165): Dispatcher->_invoke(Object(ProcesoregistrosController), Object(CakeRequest))
#11 C:\xampp\htdocs\aplicacioncakephp\PIC_2025\webroot\index.php(109): Dispatcher->dispatch(Object(CakeRequest), Object(CakeResponse))
#12 {main}
2025-08-29 20:07:27 Error: Fatal Error (1): Out of memory (allocated 382992384) (tried to allocate 371105792 bytes) in [C:\xampp\htdocs\aplicacioncakephp\lib\Cake\Utility\Debugger.php, line 802]
2025-08-29 20:08:41 Error: Fatal Error (1): Out of memory (allocated 382992384) (tried to allocate 371105792 bytes) in [C:\xampp\htdocs\aplicacioncakephp\lib\Cake\Utility\Debugger.php, line 802]
2025-08-29 20:08:46 Error: [MissingActionException] Action AppController::img() could not be found.
Exception Attributes: array (
  'controller' => 'AppController',
  'action' => 'img',
)
Request URL: /aplicacioncakephp/PIC_2025/app/img/copylink.png
Stack Trace:
#0 C:\xampp\htdocs\aplicacioncakephp\lib\Cake\Routing\Dispatcher.php(191): Controller->invokeAction(Object(CakeRequest))
#1 C:\xampp\htdocs\aplicacioncakephp\lib\Cake\Routing\Dispatcher.php(165): Dispatcher->_invoke(Object(AppController), Object(CakeRequest))
#2 C:\xampp\htdocs\aplicacioncakephp\PIC_2025\webroot\index.php(109): Dispatcher->dispatch(Object(CakeRequest), Object(CakeResponse))
#3 {main}
2025-08-29 20:08:46 Error: [MissingActionException] Action AppController::img() could not be found.
Exception Attributes: array (
  'controller' => 'AppController',
  'action' => 'img',
)
Request URL: /aplicacioncakephp/PIC_2025/app/img/copylink.png
Stack Trace:
#0 C:\xampp\htdocs\aplicacioncakephp\lib\Cake\Routing\Dispatcher.php(191): Controller->invokeAction(Object(CakeRequest))
#1 C:\xampp\htdocs\aplicacioncakephp\lib\Cake\Routing\Dispatcher.php(165): Dispatcher->_invoke(Object(AppController), Object(CakeRequest))
#2 C:\xampp\htdocs\aplicacioncakephp\PIC_2025\webroot\index.php(109): Dispatcher->dispatch(Object(CakeRequest), Object(CakeResponse))
#3 {main}
2025-08-29 20:08:46 Error: [MissingActionException] Action AppController::img() could not be found.
Exception Attributes: array (
  'controller' => 'AppController',
  'action' => 'img',
)
Request URL: /aplicacioncakephp/PIC_2025/app/img/copylink.png
Stack Trace:
#0 C:\xampp\htdocs\aplicacioncakephp\lib\Cake\Routing\Dispatcher.php(191): Controller->invokeAction(Object(CakeRequest))
#1 C:\xampp\htdocs\aplicacioncakephp\lib\Cake\Routing\Dispatcher.php(165): Dispatcher->_invoke(Object(AppController), Object(CakeRequest))
#2 C:\xampp\htdocs\aplicacioncakephp\PIC_2025\webroot\index.php(109): Dispatcher->dispatch(Object(CakeRequest), Object(CakeResponse))
#3 {main}
2025-08-29 20:08:46 Error: [MissingActionException] Action AppController::img() could not be found.
Exception Attributes: array (
  'controller' => 'AppController',
  'action' => 'img',
)
Request URL: /aplicacioncakephp/PIC_2025/app/img/copylink.png
Stack Trace:
#0 C:\xampp\htdocs\aplicacioncakephp\lib\Cake\Routing\Dispatcher.php(191): Controller->invokeAction(Object(CakeRequest))
#1 C:\xampp\htdocs\aplicacioncakephp\lib\Cake\Routing\Dispatcher.php(165): Dispatcher->_invoke(Object(AppController), Object(CakeRequest))
#2 C:\xampp\htdocs\aplicacioncakephp\PIC_2025\webroot\index.php(109): Dispatcher->dispatch(Object(CakeRequest), Object(CakeResponse))
#3 {main}
2025-08-29 20:08:46 Error: [MissingActionException] Action AppController::img() could not be found.
Exception Attributes: array (
  'controller' => 'AppController',
  'action' => 'img',
)
Request URL: /aplicacioncakephp/PIC_2025/app/img/copylink.png
Stack Trace:
#0 C:\xampp\htdocs\aplicacioncakephp\lib\Cake\Routing\Dispatcher.php(191): Controller->invokeAction(Object(CakeRequest))
#1 C:\xampp\htdocs\aplicacioncakephp\lib\Cake\Routing\Dispatcher.php(165): Dispatcher->_invoke(Object(AppController), Object(CakeRequest))
#2 C:\xampp\htdocs\aplicacioncakephp\PIC_2025\webroot\index.php(109): Dispatcher->dispatch(Object(CakeRequest), Object(CakeResponse))
#3 {main}
2025-08-29 20:10:07 Error: [MissingActionException] Action AppController::img() could not be found.
Exception Attributes: array (
  'controller' => 'AppController',
  'action' => 'img',
)
Request URL: /aplicacioncakephp/PIC_2025/app/img/copylink.png
Stack Trace:
#0 C:\xampp\htdocs\aplicacioncakephp\lib\Cake\Routing\Dispatcher.php(191): Controller->invokeAction(Object(CakeRequest))
#1 C:\xampp\htdocs\aplicacioncakephp\lib\Cake\Routing\Dispatcher.php(165): Dispatcher->_invoke(Object(AppController), Object(CakeRequest))
#2 C:\xampp\htdocs\aplicacioncakephp\PIC_2025\webroot\index.php(109): Dispatcher->dispatch(Object(CakeRequest), Object(CakeResponse))
#3 {main}
2025-08-29 20:10:08 Error: [MissingActionException] Action AppController::img() could not be found.
Exception Attributes: array (
  'controller' => 'AppController',
  'action' => 'img',
)
Request URL: /aplicacioncakephp/PIC_2025/app/img/copylink.png
Stack Trace:
#0 C:\xampp\htdocs\aplicacioncakephp\lib\Cake\Routing\Dispatcher.php(191): Controller->invokeAction(Object(CakeRequest))
#1 C:\xampp\htdocs\aplicacioncakephp\lib\Cake\Routing\Dispatcher.php(165): Dispatcher->_invoke(Object(AppController), Object(CakeRequest))
#2 C:\xampp\htdocs\aplicacioncakephp\PIC_2025\webroot\index.php(109): Dispatcher->dispatch(Object(CakeRequest), Object(CakeResponse))
#3 {main}
2025-08-29 20:10:08 Error: [MissingActionException] Action AppController::img() could not be found.
Exception Attributes: array (
  'controller' => 'AppController',
  'action' => 'img',
)
Request URL: /aplicacioncakephp/PIC_2025/app/img/copylink.png
Stack Trace:
#0 C:\xampp\htdocs\aplicacioncakephp\lib\Cake\Routing\Dispatcher.php(191): Controller->invokeAction(Object(CakeRequest))
#1 C:\xampp\htdocs\aplicacioncakephp\lib\Cake\Routing\Dispatcher.php(165): Dispatcher->_invoke(Object(AppController), Object(CakeRequest))
#2 C:\xampp\htdocs\aplicacioncakephp\PIC_2025\webroot\index.php(109): Dispatcher->dispatch(Object(CakeRequest), Object(CakeResponse))
#3 {main}
2025-08-29 20:10:08 Error: [MissingActionException] Action AppController::img() could not be found.
Exception Attributes: array (
  'controller' => 'AppController',
  'action' => 'img',
)
Request URL: /aplicacioncakephp/PIC_2025/app/img/copylink.png
Stack Trace:
#0 C:\xampp\htdocs\aplicacioncakephp\lib\Cake\Routing\Dispatcher.php(191): Controller->invokeAction(Object(CakeRequest))
#1 C:\xampp\htdocs\aplicacioncakephp\lib\Cake\Routing\Dispatcher.php(165): Dispatcher->_invoke(Object(AppController), Object(CakeRequest))
#2 C:\xampp\htdocs\aplicacioncakephp\PIC_2025\webroot\index.php(109): Dispatcher->dispatch(Object(CakeRequest), Object(CakeResponse))
#3 {main}
2025-08-29 20:10:08 Error: [MissingActionException] Action AppController::img() could not be found.
Exception Attributes: array (
  'controller' => 'AppController',
  'action' => 'img',
)
Request URL: /aplicacioncakephp/PIC_2025/app/img/copylink.png
Stack Trace:
#0 C:\xampp\htdocs\aplicacioncakephp\lib\Cake\Routing\Dispatcher.php(191): Controller->invokeAction(Object(CakeRequest))
#1 C:\xampp\htdocs\aplicacioncakephp\lib\Cake\Routing\Dispatcher.php(165): Dispatcher->_invoke(Object(AppController), Object(CakeRequest))
#2 C:\xampp\htdocs\aplicacioncakephp\PIC_2025\webroot\index.php(109): Dispatcher->dispatch(Object(CakeRequest), Object(CakeResponse))
#3 {main}
2025-08-29 20:12:26 Error: Fatal Error (1): Out of memory (allocated 379846656) (tried to allocate 371724288 bytes) in [C:\xampp\htdocs\aplicacioncakephp\lib\Cake\Utility\Debugger.php, line 802]
2025-08-29 20:12:38 Error: [MissingActionException] Action AppController::img() could not be found.
Exception Attributes: array (
  'controller' => 'AppController',
  'action' => 'img',
)
Request URL: /aplicacioncakephp/PIC_2025/app/img/copylink.png
Stack Trace:
#0 C:\xampp\htdocs\aplicacioncakephp\lib\Cake\Routing\Dispatcher.php(191): Controller->invokeAction(Object(CakeRequest))
#1 C:\xampp\htdocs\aplicacioncakephp\lib\Cake\Routing\Dispatcher.php(165): Dispatcher->_invoke(Object(AppController), Object(CakeRequest))
#2 C:\xampp\htdocs\aplicacioncakephp\PIC_2025\webroot\index.php(109): Dispatcher->dispatch(Object(CakeRequest), Object(CakeResponse))
#3 {main}
2025-08-29 20:12:38 Error: [MissingActionException] Action AppController::img() could not be found.
Exception Attributes: array (
  'controller' => 'AppController',
  'action' => 'img',
)
Request URL: /aplicacioncakephp/PIC_2025/app/img/copylink.png
Stack Trace:
#0 C:\xampp\htdocs\aplicacioncakephp\lib\Cake\Routing\Dispatcher.php(191): Controller->invokeAction(Object(CakeRequest))
#1 C:\xampp\htdocs\aplicacioncakephp\lib\Cake\Routing\Dispatcher.php(165): Dispatcher->_invoke(Object(AppController), Object(CakeRequest))
#2 C:\xampp\htdocs\aplicacioncakephp\PIC_2025\webroot\index.php(109): Dispatcher->dispatch(Object(CakeRequest), Object(CakeResponse))
#3 {main}
2025-08-29 20:12:38 Error: [MissingActionException] Action AppController::img() could not be found.
Exception Attributes: array (
  'controller' => 'AppController',
  'action' => 'img',
)
Request URL: /aplicacioncakephp/PIC_2025/app/img/copylink.png
Stack Trace:
#0 C:\xampp\htdocs\aplicacioncakephp\lib\Cake\Routing\Dispatcher.php(191): Controller->invokeAction(Object(CakeRequest))
#1 C:\xampp\htdocs\aplicacioncakephp\lib\Cake\Routing\Dispatcher.php(165): Dispatcher->_invoke(Object(AppController), Object(CakeRequest))
#2 C:\xampp\htdocs\aplicacioncakephp\PIC_2025\webroot\index.php(109): Dispatcher->dispatch(Object(CakeRequest), Object(CakeResponse))
#3 {main}
2025-08-29 20:12:39 Error: [MissingActionException] Action AppController::img() could not be found.
Exception Attributes: array (
  'controller' => 'AppController',
  'action' => 'img',
)
Request URL: /aplicacioncakephp/PIC_2025/app/img/copylink.png
Stack Trace:
#0 C:\xampp\htdocs\aplicacioncakephp\lib\Cake\Routing\Dispatcher.php(191): Controller->invokeAction(Object(CakeRequest))
#1 C:\xampp\htdocs\aplicacioncakephp\lib\Cake\Routing\Dispatcher.php(165): Dispatcher->_invoke(Object(AppController), Object(CakeRequest))
#2 C:\xampp\htdocs\aplicacioncakephp\PIC_2025\webroot\index.php(109): Dispatcher->dispatch(Object(CakeRequest), Object(CakeResponse))
#3 {main}
2025-08-29 20:12:39 Error: [MissingActionException] Action AppController::img() could not be found.
Exception Attributes: array (
  'controller' => 'AppController',
  'action' => 'img',
)
Request URL: /aplicacioncakephp/PIC_2025/app/img/copylink.png
Stack Trace:
#0 C:\xampp\htdocs\aplicacioncakephp\lib\Cake\Routing\Dispatcher.php(191): Controller->invokeAction(Object(CakeRequest))
#1 C:\xampp\htdocs\aplicacioncakephp\lib\Cake\Routing\Dispatcher.php(165): Dispatcher->_invoke(Object(AppController), Object(CakeRequest))
#2 C:\xampp\htdocs\aplicacioncakephp\PIC_2025\webroot\index.php(109): Dispatcher->dispatch(Object(CakeRequest), Object(CakeResponse))
#3 {main}
2025-08-29 20:12:41 Error: Fatal Error (1): Call to a member function paginate() on null in [C:\xampp\htdocs\aplicacioncakephp\PIC_2025\Controller\PagesController.php, line 66]
2025-08-29 20:12:41 Error: [FatalErrorException] Call to a member function paginate() on null
Request URL: /aplicacioncakephp/PIC_2025/
Stack Trace:
#0 C:\xampp\htdocs\aplicacioncakephp\lib\Cake\Error\ErrorHandler.php(203): ErrorHandler::handleFatalError(1, 'Call to a membe...', 'C:\\xampp\\htdocs...', 66)
#1 [internal function]: ErrorHandler::handleError(1, 'Call to a membe...', 'C:\\xampp\\htdocs...', 66, Array)
#2 C:\xampp\htdocs\aplicacioncakephp\lib\Cake\Core\App.php(929): call_user_func('ErrorHandler::h...', 1, 'Call to a membe...', 'C:\\xampp\\htdocs...', 66, Array)
#3 C:\xampp\htdocs\aplicacioncakephp\lib\Cake\Core\App.php(902): App::_checkFatalError()
#4 [internal function]: App::shutdown()
#5 {main}
2025-08-29 20:14:23 Error: [MissingActionException] Action AppController::img() could not be found.
Exception Attributes: array (
  'controller' => 'AppController',
  'action' => 'img',
)
Request URL: /aplicacioncakephp/PIC_2025/app/img/copylink.png
Stack Trace:
#0 C:\xampp\htdocs\aplicacioncakephp\lib\Cake\Routing\Dispatcher.php(191): Controller->invokeAction(Object(CakeRequest))
#1 C:\xampp\htdocs\aplicacioncakephp\lib\Cake\Routing\Dispatcher.php(165): Dispatcher->_invoke(Object(AppController), Object(CakeRequest))
#2 C:\xampp\htdocs\aplicacioncakephp\PIC_2025\webroot\index.php(109): Dispatcher->dispatch(Object(CakeRequest), Object(CakeResponse))
#3 {main}
2025-08-29 20:14:23 Error: [MissingActionException] Action AppController::img() could not be found.
Exception Attributes: array (
  'controller' => 'AppController',
  'action' => 'img',
)
Request URL: /aplicacioncakephp/PIC_2025/app/img/copylink.png
Stack Trace:
#0 C:\xampp\htdocs\aplicacioncakephp\lib\Cake\Routing\Dispatcher.php(191): Controller->invokeAction(Object(CakeRequest))
#1 C:\xampp\htdocs\aplicacioncakephp\lib\Cake\Routing\Dispatcher.php(165): Dispatcher->_invoke(Object(AppController), Object(CakeRequest))
#2 C:\xampp\htdocs\aplicacioncakephp\PIC_2025\webroot\index.php(109): Dispatcher->dispatch(Object(CakeRequest), Object(CakeResponse))
#3 {main}
2025-08-29 20:14:23 Error: [MissingActionException] Action AppController::img() could not be found.
Exception Attributes: array (
  'controller' => 'AppController',
  'action' => 'img',
)
Request URL: /aplicacioncakephp/PIC_2025/app/img/copylink.png
Stack Trace:
#0 C:\xampp\htdocs\aplicacioncakephp\lib\Cake\Routing\Dispatcher.php(191): Controller->invokeAction(Object(CakeRequest))
#1 C:\xampp\htdocs\aplicacioncakephp\lib\Cake\Routing\Dispatcher.php(165): Dispatcher->_invoke(Object(AppController), Object(CakeRequest))
#2 C:\xampp\htdocs\aplicacioncakephp\PIC_2025\webroot\index.php(109): Dispatcher->dispatch(Object(CakeRequest), Object(CakeResponse))
#3 {main}
2025-08-29 20:14:23 Error: [MissingActionException] Action AppController::img() could not be found.
Exception Attributes: array (
  'controller' => 'AppController',
  'action' => 'img',
)
Request URL: /aplicacioncakephp/PIC_2025/app/img/copylink.png
Stack Trace:
#0 C:\xampp\htdocs\aplicacioncakephp\lib\Cake\Routing\Dispatcher.php(191): Controller->invokeAction(Object(CakeRequest))
#1 C:\xampp\htdocs\aplicacioncakephp\lib\Cake\Routing\Dispatcher.php(165): Dispatcher->_invoke(Object(AppController), Object(CakeRequest))
#2 C:\xampp\htdocs\aplicacioncakephp\PIC_2025\webroot\index.php(109): Dispatcher->dispatch(Object(CakeRequest), Object(CakeResponse))
#3 {main}
2025-08-29 20:15:09 Error: [MissingActionException] Action AppController::img() could not be found.
Exception Attributes: array (
  'controller' => 'AppController',
  'action' => 'img',
)
Request URL: /aplicacioncakephp/PIC_2025/app/img/copylink.png
Stack Trace:
#0 C:\xampp\htdocs\aplicacioncakephp\lib\Cake\Routing\Dispatcher.php(191): Controller->invokeAction(Object(CakeRequest))
#1 C:\xampp\htdocs\aplicacioncakephp\lib\Cake\Routing\Dispatcher.php(165): Dispatcher->_invoke(Object(AppController), Object(CakeRequest))
#2 C:\xampp\htdocs\aplicacioncakephp\PIC_2025\webroot\index.php(109): Dispatcher->dispatch(Object(CakeRequest), Object(CakeResponse))
#3 {main}
2025-08-29 20:15:09 Error: [MissingActionException] Action AppController::img() could not be found.
Exception Attributes: array (
  'controller' => 'AppController',
  'action' => 'img',
)
Request URL: /aplicacioncakephp/PIC_2025/app/img/copylink.png
Stack Trace:
#0 C:\xampp\htdocs\aplicacioncakephp\lib\Cake\Routing\Dispatcher.php(191): Controller->invokeAction(Object(CakeRequest))
#1 C:\xampp\htdocs\aplicacioncakephp\lib\Cake\Routing\Dispatcher.php(165): Dispatcher->_invoke(Object(AppController), Object(CakeRequest))
#2 C:\xampp\htdocs\aplicacioncakephp\PIC_2025\webroot\index.php(109): Dispatcher->dispatch(Object(CakeRequest), Object(CakeResponse))
#3 {main}
2025-08-29 20:15:10 Error: [MissingActionException] Action AppController::img() could not be found.
Exception Attributes: array (
  'controller' => 'AppController',
  'action' => 'img',
)
Request URL: /aplicacioncakephp/PIC_2025/app/img/copylink.png
Stack Trace:
#0 C:\xampp\htdocs\aplicacioncakephp\lib\Cake\Routing\Dispatcher.php(191): Controller->invokeAction(Object(CakeRequest))
#1 C:\xampp\htdocs\aplicacioncakephp\lib\Cake\Routing\Dispatcher.php(165): Dispatcher->_invoke(Object(AppController), Object(CakeRequest))
#2 C:\xampp\htdocs\aplicacioncakephp\PIC_2025\webroot\index.php(109): Dispatcher->dispatch(Object(CakeRequest), Object(CakeResponse))
#3 {main}
2025-08-29 20:15:10 Error: [MissingActionException] Action AppController::img() could not be found.
Exception Attributes: array (
  'controller' => 'AppController',
  'action' => 'img',
)
Request URL: /aplicacioncakephp/PIC_2025/app/img/copylink.png
Stack Trace:
#0 C:\xampp\htdocs\aplicacioncakephp\lib\Cake\Routing\Dispatcher.php(191): Controller->invokeAction(Object(CakeRequest))
#1 C:\xampp\htdocs\aplicacioncakephp\lib\Cake\Routing\Dispatcher.php(165): Dispatcher->_invoke(Object(AppController), Object(CakeRequest))
#2 C:\xampp\htdocs\aplicacioncakephp\PIC_2025\webroot\index.php(109): Dispatcher->dispatch(Object(CakeRequest), Object(CakeResponse))
#3 {main}
2025-08-29 20:15:10 Error: [MissingActionException] Action AppController::img() could not be found.
Exception Attributes: array (
  'controller' => 'AppController',
  'action' => 'img',
)
Request URL: /aplicacioncakephp/PIC_2025/app/img/copylink.png
Stack Trace:
#0 C:\xampp\htdocs\aplicacioncakephp\lib\Cake\Routing\Dispatcher.php(191): Controller->invokeAction(Object(CakeRequest))
#1 C:\xampp\htdocs\aplicacioncakephp\lib\Cake\Routing\Dispatcher.php(165): Dispatcher->_invoke(Object(AppController), Object(CakeRequest))
#2 C:\xampp\htdocs\aplicacioncakephp\PIC_2025\webroot\index.php(109): Dispatcher->dispatch(Object(CakeRequest), Object(CakeResponse))
#3 {main}
